DateTime;MQMAXP6 
16/02/2005; 100,00 
17/02/2005; 99,74 
18/02/2005; 99,74 
22/02/2005; 99,51 
23/02/2005; 99,83 
24/02/2005; 99,86 
25/02/2005; 100,32 
28/02/2005; 99,64 
01/03/2005; 99,63 
02/03/2005; 99,70 
03/03/2005; 99,60 
04/03/2005; 100,69 
07/03/2005; 100,97 
08/03/2005; 101,04 
09/03/2005; 100,25 
10/03/2005; 100,29 
11/03/2005; 99,99 
14/03/2005; 100,01 
15/03/2005; 99,69 
16/03/2005; 99,81 
17/03/2005; 99,76 
18/03/2005; 99,57 
21/03/2005; 98,71 
22/03/2005; 97,56 
23/03/2005; 97,25 
24/03/2005; 97,42 
28/03/2005; 97,30 
29/03/2005; 97,25 
30/03/2005; 97,89 
31/03/2005; 98,34 
01/04/2005; 98,13 
04/04/2005; 98,07 
05/04/2005; 98,10 
06/04/2005; 98,33 
07/04/2005; 98,24 
08/04/2005; 98,04 
11/04/2005; 98,25 
12/04/2005; 98,76 
13/04/2005; 98,37 
14/04/2005; 97,61 
15/04/2005; 97,58 
18/04/2005; 97,83 
19/04/2005; 98,79 
20/04/2005; 98,60 
21/04/2005; 98,55 
22/04/2005; 98,91 
25/04/2005; 98,99 
26/04/2005; 98,74 
27/04/2005; 98,51 
28/04/2005; 98,46 
29/04/2005; 98,85 
02/05/2005; 98,56 
03/05/2005; 98,47 
04/05/2005; 98,63 
05/05/2005; 98,68 
06/05/2005; 98,05 
09/05/2005; 98,24 
10/05/2005; 98,23 
11/05/2005; 98,48 
12/05/2005; 97,70 
13/05/2005; 97,47 
16/05/2005; 97,60 
17/05/2005; 97,89 
18/05/2005; 98,20 
19/05/2005; 98,17 
20/05/2005; 98,10 
23/05/2005; 98,27 
24/05/2005; 98,52 
25/05/2005; 98,34 
26/05/2005; 98,07 
27/05/2005; 98,48 
31/05/2005; 98,34 
01/06/2005; 99,07 
02/06/2005; 99,48 
03/06/2005; 99,19 
06/06/2005; 99,40 
07/06/2005; 99,43 
08/06/2005; 99,15 
09/06/2005; 99,20 
10/06/2005; 99,04 
13/06/2005; 99,07 
14/06/2005; 98,85 
15/06/2005; 99,07 
16/06/2005; 100,11 
17/06/2005; 100,41 
20/06/2005; 100,42 
21/06/2005; 100,62 
22/06/2005; 100,79 
23/06/2005; 100,51 
24/06/2005; 100,21 
27/06/2005; 100,44 
28/06/2005; 100,18 
29/06/2005; 100,03 
30/06/2005; 99,97 
01/07/2005; 98,73 
05/07/2005; 98,18 
06/07/2005; 97,95 
07/07/2005; 98,21 
08/07/2005; 98,25 
11/07/2005; 98,77 
12/07/2005; 98,80 
13/07/2005; 98,44 
14/07/2005; 97,76 
15/07/2005; 97,74 
18/07/2005; 97,31 
19/07/2005; 97,69 
20/07/2005; 98,25 
21/07/2005; 97,92 
22/07/2005; 98,39 
25/07/2005; 98,11 
26/07/2005; 97,99 
27/07/2005; 98,25 
28/07/2005; 98,88 
29/07/2005; 98,47 
01/08/2005; 98,43 
02/08/2005; 98,54 
03/08/2005; 99,21 
04/08/2005; 99,02 
05/08/2005; 98,38 
08/08/2005; 98,08 
09/08/2005; 98,22 
10/08/2005; 98,38 
11/08/2005; 99,42 
12/08/2005; 99,47 
15/08/2005; 99,45 
16/08/2005; 99,39 
17/08/2005; 98,88 
18/08/2005; 99,00 
19/08/2005; 99,05 
22/08/2005; 98,98 
23/08/2005; 99,12 
24/08/2005; 98,77 
25/08/2005; 99,10 
26/08/2005; 98,72 
29/08/2005; 99,05 
30/08/2005; 98,83 
31/08/2005; 99,93 
01/09/2005; 100,58 
02/09/2005; 100,55 
06/09/2005; 100,54 
07/09/2005; 100,53 
08/09/2005; 100,67 
09/09/2005; 101,24 
12/09/2005; 100,93 
13/09/2005; 100,78 
14/09/2005; 100,85 
15/09/2005; 100,98 
16/09/2005; 101,30 
19/09/2005; 101,64 
20/09/2005; 101,12 
21/09/2005; 101,65 
22/09/2005; 101,37 
23/09/2005; 101,01 
26/09/2005; 101,00 
27/09/2005; 100,94 
28/09/2005; 101,55 
29/09/2005; 101,97 
30/09/2005; 101,76 
03/10/2005; 100,89 
04/10/2005; 100,39 
05/10/2005; 99,84 
06/10/2005; 99,98 
07/10/2005; 100,24 
10/10/2005; 100,02 
11/10/2005; 99,76 
12/10/2005; 98,97 
13/10/2005; 99,00 
14/10/2005; 99,32 
17/10/2005; 99,75 
18/10/2005; 99,33 
19/10/2005; 99,49 
20/10/2005; 98,77 
21/10/2005; 99,38 
24/10/2005; 99,30 
25/10/2005; 99,19 
26/10/2005; 98,84 
27/10/2005; 98,99 
28/10/2005; 99,32 
31/10/2005; 99,10 
01/11/2005; 98,68 
02/11/2005; 99,00 
03/11/2005; 98,89 
04/11/2005; 98,54 
07/11/2005; 98,93 
08/11/2005; 99,15 
09/11/2005; 99,09 
10/11/2005; 99,44 
11/11/2005; 99,82 
14/11/2005; 99,09 
15/11/2005; 99,22 
16/11/2005; 100,29 
17/11/2005; 101,05 
18/11/2005; 101,04 
21/11/2005; 101,38 
22/11/2005; 101,84 
23/11/2005; 101,70 
25/11/2005; 101,98 
28/11/2005; 101,99 
29/11/2005; 101,69 
30/11/2005; 101,21 
01/12/2005; 101,65 
02/12/2005; 101,76 
05/12/2005; 101,79 
06/12/2005; 102,06 
07/12/2005; 101,77 
08/12/2005; 102,24 
09/12/2005; 102,28 
12/12/2005; 102,36 
13/12/2005; 102,35 
14/12/2005; 102,22 
15/12/2005; 102,05 
16/12/2005; 101,82 
19/12/2005; 101,66 
20/12/2005; 101,17 
21/12/2005; 101,28 
22/12/2005; 101,98 
23/12/2005; 102,34 
27/12/2005; 102,12 
28/12/2005; 102,25 
29/12/2005; 102,19 
30/12/2005; 101,94 
03/01/2006; 103,47 
04/01/2006; 103,75 
05/01/2006; 103,30 
06/01/2006; 103,86 
09/01/2006; 104,20 
10/01/2006; 103,92 
11/01/2006; 103,99 
12/01/2006; 104,13 
13/01/2006; 104,56 
17/01/2006; 104,54 
18/01/2006; 104,06 
19/01/2006; 104,53 
20/01/2006; 103,92 
23/01/2006; 104,01 
24/01/2006; 103,80 
25/01/2006; 103,33 
26/01/2006; 103,33 
27/01/2006; 103,76 
30/01/2006; 103,97 
31/01/2006; 104,00 
01/02/2006; 103,96 
02/02/2006; 103,64 
03/02/2006; 103,72 
06/02/2006; 103,88 
07/02/2006; 102,42 
08/02/2006; 102,64 
09/02/2006; 103,03 
10/02/2006; 102,47 
13/02/2006; 102,11 
14/02/2006; 102,27 
15/02/2006; 102,27 
16/02/2006; 102,86 
17/02/2006; 103,26 
21/02/2006; 103,02 
22/02/2006; 103,42 
23/02/2006; 103,04 
24/02/2006; 103,41 
27/02/2006; 103,17 
28/02/2006; 103,29 
01/03/2006; 103,44 
02/03/2006; 103,54 
03/03/2006; 103,19 
06/03/2006; 102,19 
07/03/2006; 102,05 
08/03/2006; 101,65 
09/03/2006; 101,39 
10/03/2006; 101,52 
13/03/2006; 101,69 
14/03/2006; 102,48 
15/03/2006; 102,55 
16/03/2006; 102,97 
17/03/2006; 102,82 
20/03/2006; 102,71 
21/03/2006; 102,11 
22/03/2006; 102,37 
23/03/2006; 102,21 
24/03/2006; 102,80 
27/03/2006; 102,72 
28/03/2006; 102,15 
29/03/2006; 102,53 
30/03/2006; 102,76 
31/03/2006; 102,63 
03/04/2006; 102,48 
04/04/2006; 102,62 
05/04/2006; 103,03 
06/04/2006; 102,96 
07/04/2006; 102,12 
10/04/2006; 102,45 
11/04/2006; 102,24 
12/04/2006; 102,18 
13/04/2006; 101,76 
17/04/2006; 102,43 
18/04/2006; 103,41 
19/04/2006; 103,96 
20/04/2006; 103,26 
21/04/2006; 103,84 
24/04/2006; 103,48 
25/04/2006; 103,14 
26/04/2006; 103,20 
27/04/2006; 103,45 
28/04/2006; 104,05 
01/05/2006; 103,49 
02/05/2006; 104,02 
03/05/2006; 103,74 
04/05/2006; 103,79 
05/05/2006; 104,39 
08/05/2006; 104,25 
09/05/2006; 104,66 
10/05/2006; 104,84 
11/05/2006; 104,55 
12/05/2006; 103,93 
15/05/2006; 103,41 
16/05/2006; 103,74 
17/05/2006; 102,94 
18/05/2006; 103,03 
19/05/2006; 102,91 
22/05/2006; 102,73 
23/05/2006; 102,62 
24/05/2006; 102,46 
25/05/2006; 102,86 
26/05/2006; 103,22 
30/05/2006; 102,53 
31/05/2006; 102,58 
01/06/2006; 102,46 
02/06/2006; 103,17 
05/06/2006; 102,57 
06/06/2006; 102,30 
07/06/2006; 101,88 
08/06/2006; 101,67 
09/06/2006; 101,74 
12/06/2006; 101,37 
13/06/2006; 100,38 
14/06/2006; 100,24 
15/06/2006; 100,76 
16/06/2006; 100,64 
19/06/2006; 100,14 
20/06/2006; 100,27 
21/06/2006; 100,57 
22/06/2006; 100,24 
23/06/2006; 100,17 
26/06/2006; 100,18 
27/06/2006; 100,01 
28/06/2006; 99,96 
29/06/2006; 101,17 
30/06/2006; 101,84 
03/07/2006; 101,79 
05/07/2006; 101,52 
06/07/2006; 101,81 
07/07/2006; 101,78 
10/07/2006; 101,71 
11/07/2006; 102,08 
12/07/2006; 101,99 
13/07/2006; 101,95 
14/07/2006; 101,94 
17/07/2006; 101,63 
18/07/2006; 101,22 
19/07/2006; 102,13 
20/07/2006; 101,93 
21/07/2006; 101,49 
24/07/2006; 101,71 
25/07/2006; 101,93 
26/07/2006; 102,22 
27/07/2006; 102,35 
28/07/2006; 102,76 
31/07/2006; 102,68 
01/08/2006; 102,76 
02/08/2006; 103,11 
03/08/2006; 103,01 
04/08/2006; 103,43 
07/08/2006; 103,36 
08/08/2006; 103,24 
09/08/2006; 103,30 
10/08/2006; 102,98 
11/08/2006; 102,61 
14/08/2006; 102,33 
15/08/2006; 102,83 
16/08/2006; 103,31 
17/08/2006; 102,94 
18/08/2006; 103,29 
21/08/2006; 103,60 
22/08/2006; 103,60 
23/08/2006; 103,36 
24/08/2006; 103,18 
25/08/2006; 103,37 
28/08/2006; 103,06 
29/08/2006; 103,09 
30/08/2006; 103,27 
31/08/2006; 103,63 
01/09/2006; 103,62 
05/09/2006; 103,57 
06/09/2006; 103,08 
07/09/2006; 102,35 
08/09/2006; 102,22 
11/09/2006; 101,50 
12/09/2006; 101,94 
13/09/2006; 102,30 
14/09/2006; 102,00 
15/09/2006; 101,81 
18/09/2006; 101,91 
19/09/2006; 101,71 
20/09/2006; 101,85 
21/09/2006; 102,30 
22/09/2006; 102,57 
25/09/2006; 103,05 
26/09/2006; 103,32 
27/09/2006; 103,60 
28/09/2006; 103,57 
29/09/2006; 103,41 
02/10/2006; 103,08 
03/10/2006; 102,30 
04/10/2006; 102,93 
05/10/2006; 102,99 
06/10/2006; 102,70 
09/10/2006; 102,55 
10/10/2006; 102,19 
11/10/2006; 101,84 
12/10/2006; 102,38 
13/10/2006; 102,63 
16/10/2006; 102,86 
17/10/2006; 102,56 
18/10/2006; 102,40 
19/10/2006; 102,69 
20/10/2006; 102,50 
23/10/2006; 102,10 
24/10/2006; 102,48 
25/10/2006; 103,22 
26/10/2006; 103,96 
27/10/2006; 103,85 
30/10/2006; 103,76 
31/10/2006; 104,24 
01/11/2006; 104,34 
02/11/2006; 104,27 
03/11/2006; 103,85 
06/11/2006; 104,47 
07/11/2006; 104,96 
08/11/2006; 104,88 
09/11/2006; 105,33 
10/11/2006; 105,16 
13/11/2006; 104,96 
14/11/2006; 105,25 
15/11/2006; 105,20 
16/11/2006; 104,69 
17/11/2006; 105,00 
20/11/2006; 104,98 
21/11/2006; 105,30 
22/11/2006; 105,57 
24/11/2006; 105,82 
27/11/2006; 105,16 
28/11/2006; 105,64 
29/11/2006; 105,85 
30/11/2006; 106,61 
01/12/2006; 106,68 
04/12/2006; 106,97 
05/12/2006; 106,97 
06/12/2006; 106,23 
07/12/2006; 105,91 
08/12/2006; 105,50 
11/12/2006; 105,92 
12/12/2006; 105,86 
13/12/2006; 105,55 
14/12/2006; 105,72 
15/12/2006; 104,82 
18/12/2006; 104,50 
19/12/2006; 104,75 
20/12/2006; 104,60 
21/12/2006; 104,51 
22/12/2006; 103,96 
26/12/2006; 104,22 
27/12/2006; 104,31 
28/12/2006; 104,29 
29/12/2006; 104,24 
03/01/2007; 104,05 
04/01/2007; 103,94 
05/01/2007; 102,64 
08/01/2007; 102,99 
09/01/2007; 103,00 
10/01/2007; 102,85 
11/01/2007; 102,77 
12/01/2007; 103,26 
16/01/2007; 103,16 
17/01/2007; 103,36 
18/01/2007; 103,11 
19/01/2007; 103,58 
22/01/2007; 103,41 
23/01/2007; 104,01 
24/01/2007; 104,56 
25/01/2007; 103,55 
26/01/2007; 103,43 
29/01/2007; 103,17 
30/01/2007; 103,71 
31/01/2007; 104,59 
01/02/2007; 104,63 
02/02/2007; 104,54 
05/02/2007; 104,54 
06/02/2007; 104,67 
07/02/2007; 104,82 
08/02/2007; 104,93 
09/02/2007; 104,57 
12/02/2007; 104,00 
13/02/2007; 104,40 
14/02/2007; 105,38 
15/02/2007; 105,39 
16/02/2007; 105,56 
20/02/2007; 105,26 
21/02/2007; 105,95 
22/02/2007; 105,81 
23/02/2007; 105,98 
26/02/2007; 106,30 
27/02/2007; 104,51 
28/02/2007; 105,14 
01/03/2007; 104,95 
02/03/2007; 104,30 
05/03/2007; 103,80 
06/03/2007; 104,33 
07/03/2007; 104,43 
08/03/2007; 104,56 
09/03/2007; 104,14 
12/03/2007; 104,22 
13/03/2007; 103,93 
14/03/2007; 104,14 
15/03/2007; 104,14 
16/03/2007; 104,26 
19/03/2007; 104,52 
20/03/2007; 104,80 
21/03/2007; 105,69 
22/03/2007; 105,35 
23/03/2007; 105,14 
26/03/2007; 105,54 
27/03/2007; 105,41 
28/03/2007; 105,21 
29/03/2007; 105,00 
30/03/2007; 104,99 
02/04/2007; 104,93 
03/04/2007; 104,78 
04/04/2007; 105,40 
05/04/2007; 105,45 
09/04/2007; 104,92 
10/04/2007; 105,35 
11/04/2007; 105,06 
12/04/2007; 105,14 
13/04/2007; 105,32 
16/04/2007; 105,99 
17/04/2007; 105,97 
18/04/2007; 106,36 
19/04/2007; 106,02 
20/04/2007; 106,69 
23/04/2007; 106,57 
24/04/2007; 106,54 
25/04/2007; 106,86 
26/04/2007; 106,31 
27/04/2007; 106,51 
30/04/2007; 106,52 
01/05/2007; 106,34 
02/05/2007; 106,50 
03/05/2007; 106,73 
04/05/2007; 107,13 
07/05/2007; 107,02 
08/05/2007; 106,94 
09/05/2007; 106,55 
10/05/2007; 105,82 
11/05/2007; 106,13 
14/05/2007; 105,76 
15/05/2007; 105,56 
16/05/2007; 105,37 
17/05/2007; 105,03 
18/05/2007; 105,24 
21/05/2007; 105,46 
22/05/2007; 104,83 
23/05/2007; 104,92 
24/05/2007; 104,36 
25/05/2007; 104,72 
29/05/2007; 104,50 
30/05/2007; 104,76 
31/05/2007; 105,08 
01/06/2007; 105,12 
04/06/2007; 105,36 
05/06/2007; 104,74 
06/06/2007; 104,36 
07/06/2007; 102,30 
08/06/2007; 102,53 
11/06/2007; 102,55 
12/06/2007; 101,83 
13/06/2007; 102,46 
14/06/2007; 102,62 
15/06/2007; 102,88 
18/06/2007; 102,81 
19/06/2007; 103,24 
20/06/2007; 102,55 
21/06/2007; 102,59 
22/06/2007; 102,64 
25/06/2007; 102,53 
26/06/2007; 101,99 
27/06/2007; 102,31 
28/06/2007; 102,38 
29/06/2007; 102,69 
02/07/2007; 103,14 
03/07/2007; 102,90 
05/07/2007; 102,55 
06/07/2007; 102,71 
09/07/2007; 102,94 
10/07/2007; 103,13 
11/07/2007; 103,00 
12/07/2007; 103,40 
13/07/2007; 103,54 
16/07/2007; 103,57 
17/07/2007; 103,44 
18/07/2007; 103,98 
19/07/2007; 104,29 
20/07/2007; 104,44 
23/07/2007; 104,31 
24/07/2007; 104,01 
25/07/2007; 104,00 
26/07/2007; 103,12 
27/07/2007; 102,58 
30/07/2007; 102,95 
31/07/2007; 103,03 
01/08/2007; 102,81 
02/08/2007; 102,97 
03/08/2007; 102,98 
06/08/2007; 102,77 
07/08/2007; 102,96 
08/08/2007; 103,11 
09/08/2007; 102,03 
10/08/2007; 102,36 
13/08/2007; 102,55 
14/08/2007; 102,35 
15/08/2007; 102,00 
16/08/2007; 101,63 
17/08/2007; 102,37 
20/08/2007; 102,35 
21/08/2007; 102,61 
22/08/2007; 102,78 
23/08/2007; 102,75 
24/08/2007; 103,43 
27/08/2007; 103,22 
28/08/2007; 102,86 
29/08/2007; 103,09 
30/08/2007; 103,27 
31/08/2007; 103,74 
04/09/2007; 104,26 
05/09/2007; 104,52 
06/09/2007; 104,89 
07/09/2007; 105,75 
10/09/2007; 106,07 
11/09/2007; 106,61 
12/09/2007; 106,61 
13/09/2007; 106,28 
14/09/2007; 106,33 
17/09/2007; 106,77 
18/09/2007; 107,74 
19/09/2007; 107,58 
20/09/2007; 107,21 
21/09/2007; 107,33 
24/09/2007; 107,15 
25/09/2007; 107,01 
26/09/2007; 107,05 
27/09/2007; 107,78 
28/09/2007; 108,06 
01/10/2007; 108,46 
02/10/2007; 107,92 
03/10/2007; 107,59 
04/10/2007; 108,01 
05/10/2007; 108,09 
08/10/2007; 107,76 
09/10/2007; 107,95 
10/10/2007; 108,03 
11/10/2007; 107,97 
12/10/2007; 108,24 
15/10/2007; 108,15 
16/10/2007; 108,11 
17/10/2007; 108,41 
18/10/2007; 109,07 
19/10/2007; 108,76 
22/10/2007; 108,34 
23/10/2007; 108,82 
24/10/2007; 109,14 
25/10/2007; 109,58 
26/10/2007; 110,46 
29/10/2007; 110,97 
30/10/2007; 110,19 
31/10/2007; 110,51 
01/11/2007; 110,23 
02/11/2007; 111,10 
05/11/2007; 110,89 
06/11/2007; 111,58 
07/11/2007; 111,17 
08/11/2007; 111,22 
09/11/2007; 111,43 
12/11/2007; 110,43 
13/11/2007; 110,74 
14/11/2007; 110,90 
15/11/2007; 110,23 
16/11/2007; 110,33 
19/11/2007; 110,39 
20/11/2007; 110,92 
21/11/2007; 110,94 
23/11/2007; 111,64 
26/11/2007; 111,81 
27/11/2007; 111,27 
28/11/2007; 111,39 
29/11/2007; 111,42 
30/11/2007; 111,33 
03/12/2007; 111,51 
04/12/2007; 111,50 
05/12/2007; 111,04 
06/12/2007; 111,37 
07/12/2007; 110,86 
10/12/2007; 111,30 
11/12/2007; 110,97 
12/12/2007; 111,39 
13/12/2007; 110,47 
14/12/2007; 110,15 
17/12/2007; 110,10 
18/12/2007; 110,52 
19/12/2007; 110,83 
20/12/2007; 110,75 
21/12/2007; 111,07 
24/12/2007; 111,05 
26/12/2007; 111,20 
27/12/2007; 111,18 
28/12/2007; 111,84 
31/12/2007; 111,85 
02/01/2008; 112,67 
03/01/2008; 113,02 
04/01/2008; 112,26 
07/01/2008; 112,11 
08/01/2008; 112,24 
09/01/2008; 112,37 
10/01/2008; 112,65 
11/01/2008; 112,97 
14/01/2008; 113,62 
15/01/2008; 112,97 
16/01/2008; 112,11 
17/01/2008; 111,87 
18/01/2008; 111,89 
22/01/2008; 112,19 
23/01/2008; 112,48 
24/01/2008; 112,81 
25/01/2008; 113,01 
28/01/2008; 113,61 
29/01/2008; 113,54 
30/01/2008; 113,60 
31/01/2008; 114,11 
01/02/2008; 113,89 
04/02/2008; 113,19 
05/02/2008; 112,53 
06/02/2008; 112,60 
07/02/2008; 112,24 
08/02/2008; 112,99 
11/02/2008; 113,30 
12/02/2008; 112,92 
13/02/2008; 112,70 
14/02/2008; 112,22 
15/02/2008; 112,32 
19/02/2008; 112,68 
20/02/2008; 113,33 
21/02/2008; 113,44 
22/02/2008; 113,48 
25/02/2008; 113,36 
26/02/2008; 114,14 
27/02/2008; 114,46 
28/02/2008; 115,16 
29/02/2008; 115,16 
03/03/2008; 115,23 
04/03/2008; 114,52 
05/03/2008; 115,29 
06/03/2008; 114,72 
07/03/2008; 114,55 
10/03/2008; 114,52 
11/03/2008; 114,93 
12/03/2008; 115,40 
13/03/2008; 115,44 
14/03/2008; 115,30 
17/03/2008; 114,64 
18/03/2008; 114,85 
19/03/2008; 113,59 
20/03/2008; 113,21 
24/03/2008; 112,77 
25/03/2008; 113,21 
26/03/2008; 113,33 
27/03/2008; 113,29 
28/03/2008; 113,13 
31/03/2008; 112,98 
01/04/2008; 112,42 
02/04/2008; 113,01 
03/04/2008; 113,07 
04/04/2008; 113,54 
07/04/2008; 113,60 
08/04/2008; 113,29 
09/04/2008; 113,93 
10/04/2008; 113,59 
11/04/2008; 113,44 
14/04/2008; 113,11 
15/04/2008; 113,07 
16/04/2008; 113,75 
17/04/2008; 113,36 
18/04/2008; 113,10 
21/04/2008; 113,03 
22/04/2008; 113,07 
23/04/2008; 112,58 
24/04/2008; 111,59 
25/04/2008; 111,74 
28/04/2008; 111,92 
29/04/2008; 111,38 
30/04/2008; 111,70 
01/05/2008; 111,51 
02/05/2008; 111,57 
05/05/2008; 111,97 
06/05/2008; 112,24 
07/05/2008; 111,71 
08/05/2008; 112,49 
09/05/2008; 112,67 
12/05/2008; 112,75 
13/05/2008; 111,89 
14/05/2008; 111,95 
15/05/2008; 113,06 
16/05/2008; 113,55 
19/05/2008; 113,79 
20/05/2008; 114,16 
21/05/2008; 113,99 
22/05/2008; 113,47 
23/05/2008; 113,41 
27/05/2008; 112,88 
28/05/2008; 112,46 
29/05/2008; 111,90 
30/05/2008; 112,33 
02/06/2008; 112,19 
03/06/2008; 111,84 
04/06/2008; 111,51 
05/06/2008; 111,84 
06/06/2008; 112,12 
09/06/2008; 111,66 
10/06/2008; 110,75 
11/06/2008; 110,82 
12/06/2008; 110,21 
13/06/2008; 110,52 
16/06/2008; 110,84 
17/06/2008; 110,90 
18/06/2008; 111,13 
19/06/2008; 110,87 
20/06/2008; 110,71 
23/06/2008; 110,29 
24/06/2008; 110,63 
25/06/2008; 110,78 
26/06/2008; 111,21 
27/06/2008; 111,51 
30/06/2008; 111,62 
01/07/2008; 111,85 
02/07/2008; 111,87 
03/07/2008; 111,81 
07/07/2008; 111,31 
08/07/2008; 111,66 
09/07/2008; 111,65 
10/07/2008; 112,20 
11/07/2008; 111,72 
14/07/2008; 112,12 
15/07/2008; 111,77 
16/07/2008; 111,71 
17/07/2008; 111,51 
18/07/2008; 111,36 
21/07/2008; 111,60 
22/07/2008; 111,05 
23/07/2008; 110,09 
24/07/2008; 110,20 
25/07/2008; 109,85 
28/07/2008; 109,99 
29/07/2008; 109,86 
30/07/2008; 110,29 
31/07/2008; 110,34 
01/08/2008; 110,14 
04/08/2008; 109,32 
05/08/2008; 109,06 
06/08/2008; 109,17 
07/08/2008; 109,30 
08/08/2008; 109,20 
11/08/2008; 107,88 
12/08/2008; 107,72 
13/08/2008; 107,82 
14/08/2008; 107,74 
15/08/2008; 107,56 
18/08/2008; 107,55 
19/08/2008; 107,60 
20/08/2008; 107,91 
21/08/2008; 108,64 
22/08/2008; 108,49 
25/08/2008; 108,12 
26/08/2008; 108,30 
27/08/2008; 108,78 
28/08/2008; 109,09 
29/08/2008; 108,46 
02/09/2008; 107,40 
03/09/2008; 107,17 
04/09/2008; 106,25 
05/09/2008; 106,47 
08/09/2008; 107,04 
09/09/2008; 106,10 
10/09/2008; 105,67 
11/09/2008; 105,71 
12/09/2008; 105,77 
15/09/2008; 105,75 
16/09/2008; 105,27 
17/09/2008; 106,52 
18/09/2008; 105,68 
19/09/2008; 107,00 
22/09/2008; 107,23 
23/09/2008; 106,47 
24/09/2008; 106,14 
25/09/2008; 106,26 
26/09/2008; 106,19 
29/09/2008; 105,79 
30/09/2008; 105,11 
01/10/2008; 105,69 
02/10/2008; 104,98 
03/10/2008; 104,97 
06/10/2008; 104,71 
07/10/2008; 104,34 
08/10/2008; 103,34 
09/10/2008; 102,67 
10/10/2008; 101,46 
13/10/2008; 101,91 
14/10/2008; 102,23 
15/10/2008; 101,96 
16/10/2008; 101,73 
17/10/2008; 101,46 
20/10/2008; 102,07 
21/10/2008; 101,77 
22/10/2008; 101,32 
23/10/2008; 101,09 
24/10/2008; 100,58 
27/10/2008; 100,22 
28/10/2008; 100,74 
29/10/2008; 100,84 
30/10/2008; 100,76 
31/10/2008; 100,55 
03/11/2008; 100,70 
04/11/2008; 101,60 
05/11/2008; 101,28 
06/11/2008; 100,94 
07/11/2008; 101,02 
10/11/2008; 101,12 
11/11/2008; 100,90 
12/11/2008; 100,55 
13/11/2008; 100,91 
14/11/2008; 101,01 
17/11/2008; 100,91 
18/11/2008; 100,76 
19/11/2008; 100,44 
20/11/2008; 99,95 
21/11/2008; 100,54 
24/11/2008; 100,61 
25/11/2008; 101,06 
26/11/2008; 101,31 
28/11/2008; 101,43 
01/12/2008; 100,97 
02/12/2008; 101,49 
03/12/2008; 101,81 
04/12/2008; 101,80 
05/12/2008; 101,70 
08/12/2008; 101,78 
09/12/2008; 101,85 
10/12/2008; 102,13 
11/12/2008; 102,36 
12/12/2008; 102,35 
15/12/2008; 102,37 
16/12/2008; 103,64 
17/12/2008; 104,17 
18/12/2008; 104,02 
19/12/2008; 103,59 
22/12/2008; 103,73 
23/12/2008; 103,54 
24/12/2008; 103,67 
26/12/2008; 103,97 
29/12/2008; 103,98 
30/12/2008; 103,82 
31/12/2008; 104,03 
02/01/2009; 103,85 
05/01/2009; 103,57 
06/01/2009; 103,83 
07/01/2009; 103,35 
08/01/2009; 103,75 
09/01/2009; 103,70 
12/01/2009; 103,24 
13/01/2009; 103,27 
14/01/2009; 102,92 
15/01/2009; 103,00 
16/01/2009; 103,26 
20/01/2009; 103,06 
21/01/2009; 103,02 
22/01/2009; 103,00 
23/01/2009; 103,67 
26/01/2009; 103,69 
27/01/2009; 103,93 
28/01/2009; 104,12 
29/01/2009; 103,97 
30/01/2009; 104,16 
02/02/2009; 103,91 
03/02/2009; 103,88 
04/02/2009; 103,87 
05/02/2009; 104,11 
06/02/2009; 104,51 
09/02/2009; 104,70 
10/02/2009; 104,67 
11/02/2009; 104,96 
12/02/2009; 104,97 
13/02/2009; 104,60 
17/02/2009; 104,82 
18/02/2009; 104,77 
19/02/2009; 104,37 
20/02/2009; 104,72 
23/02/2009; 104,25 
24/02/2009; 103,88 
25/02/2009; 103,30 
26/02/2009; 102,76 
27/02/2009; 102,21 
02/03/2009; 101,73 
03/03/2009; 101,44 
04/03/2009; 101,43 
05/03/2009; 101,86 
06/03/2009; 101,65 
09/03/2009; 101,13 
10/03/2009; 101,09 
11/03/2009; 101,52 
12/03/2009; 102,81 
13/03/2009; 102,90 
16/03/2009; 102,79 
17/03/2009; 102,89 
18/03/2009; 104,62 
19/03/2009; 104,84 
20/03/2009; 104,55 
23/03/2009; 104,87 
24/03/2009; 104,71 
25/03/2009; 104,86 
26/03/2009; 105,20 
27/03/2009; 104,88 
30/03/2009; 104,59 
31/03/2009; 104,59 
01/04/2009; 104,87 
02/04/2009; 104,63 
03/04/2009; 104,38 
06/04/2009; 103,97 
07/04/2009; 103,98 
08/04/2009; 104,16 
09/04/2009; 104,36 
13/04/2009; 104,71 
14/04/2009; 104,51 
15/04/2009; 104,63 
16/04/2009; 104,39 
17/04/2009; 104,06 
20/04/2009; 104,00 
21/04/2009; 104,07 
22/04/2009; 104,17 
23/04/2009; 104,67 
24/04/2009; 105,04 
27/04/2009; 104,87 
28/04/2009; 104,63 
29/04/2009; 104,79 
30/04/2009; 104,44 
01/05/2009; 104,01 
04/05/2009; 104,72 
05/05/2009; 104,62 
06/05/2009; 105,15 
07/05/2009; 105,03 
08/05/2009; 105,36 
11/05/2009; 105,30 
12/05/2009; 105,56 
13/05/2009; 105,38 
14/05/2009; 105,67 
15/05/2009; 105,77 
18/05/2009; 105,82 
19/05/2009; 106,01 
20/05/2009; 106,43 
21/05/2009; 106,16 
22/05/2009; 106,27 
26/05/2009; 106,32 
27/05/2009; 105,93 
28/05/2009; 106,32 
29/05/2009; 107,57 
01/06/2009; 107,34 
02/06/2009; 107,71 
03/06/2009; 107,19 
04/06/2009; 107,30 
05/06/2009; 106,72 
08/06/2009; 106,50 
09/06/2009; 106,85 
10/06/2009; 106,84 
11/06/2009; 106,94 
12/06/2009; 106,63 
15/06/2009; 106,06 
16/06/2009; 106,15 
17/06/2009; 105,95 
18/06/2009; 105,82 
19/06/2009; 106,15 
22/06/2009; 105,51 
23/06/2009; 105,79 
24/06/2009; 105,80 
25/06/2009; 106,50 
26/06/2009; 106,46 
29/06/2009; 106,56 
30/06/2009; 106,55 
01/07/2009; 106,73 
02/07/2009; 105,98 
06/07/2009; 105,77 
07/07/2009; 105,57 
08/07/2009; 105,41 
09/07/2009; 105,13 
10/07/2009; 105,29 
13/07/2009; 105,61 
14/07/2009; 105,81 
15/07/2009; 106,46 
16/07/2009; 106,83 
17/07/2009; 106,80 
20/07/2009; 107,54 
21/07/2009; 107,68 
22/07/2009; 107,63 
23/07/2009; 107,69 
24/07/2009; 107,81 
27/07/2009; 107,83 
28/07/2009; 107,30 
29/07/2009; 106,99 
30/07/2009; 107,56 
31/07/2009; 108,30 
03/08/2009; 108,36 
04/08/2009; 108,40 
05/08/2009; 108,42 
06/08/2009; 108,21 
07/08/2009; 108,31 
10/08/2009; 108,17 
11/08/2009; 108,15 
12/08/2009; 108,17 
13/08/2009; 108,72 
14/08/2009; 108,30 
17/08/2009; 107,64 
18/08/2009; 108,05 
19/08/2009; 108,63 
20/08/2009; 109,11 
21/08/2009; 109,59 
24/08/2009; 109,43 
25/08/2009; 109,41 
26/08/2009; 109,59 
27/08/2009; 109,52 
28/08/2009; 109,72 
31/08/2009; 109,36 
01/09/2009; 108,94 
02/09/2009; 109,61 
03/09/2009; 110,24 
04/09/2009; 110,54 
08/09/2009; 110,84 
09/09/2009; 111,14 
10/09/2009; 111,69 
11/09/2009; 112,13 
14/09/2009; 111,86 
15/09/2009; 112,22 
16/09/2009; 112,94 
17/09/2009; 112,87 
18/09/2009; 112,35 
21/09/2009; 112,14 
22/09/2009; 112,75 
23/09/2009; 112,52 
24/09/2009; 111,91 
25/09/2009; 111,77 
28/09/2009; 112,32 
29/09/2009; 112,31 
30/09/2009; 112,84 
01/10/2009; 112,31 
02/10/2009; 112,16 
05/10/2009; 112,83 
06/10/2009; 113,70 
07/10/2009; 114,13 
08/10/2009; 114,41 
09/10/2009; 113,99 
12/10/2009; 114,39 
13/10/2009; 114,90 
14/10/2009; 114,90 
15/10/2009; 114,78 
16/10/2009; 114,91 
19/10/2009; 115,79 
20/10/2009; 115,55 
21/10/2009; 115,19 
22/10/2009; 115,12 
23/10/2009; 114,64 
26/10/2009; 113,73 
27/10/2009; 114,14 
28/10/2009; 113,60 
29/10/2009; 114,46 
30/10/2009; 114,08 
02/11/2009; 114,50 
03/11/2009; 114,92 
04/11/2009; 115,18 
05/11/2009; 115,58 
06/11/2009; 115,86 
09/11/2009; 116,71 
10/11/2009; 116,64 
11/11/2009; 117,12 
12/11/2009; 116,44 
13/11/2009; 116,81 
16/11/2009; 117,74 
17/11/2009; 117,96 
18/11/2009; 117,98 
19/11/2009; 117,80 
20/11/2009; 117,84 
23/11/2009; 118,30 
24/11/2009; 118,46 
25/11/2009; 119,05 
27/11/2009; 118,63 
30/11/2009; 118,81 
01/12/2009; 119,16 
02/12/2009; 119,37 
03/12/2009; 118,94 
04/12/2009; 117,74 
07/12/2009; 117,72 
08/12/2009; 117,24 
09/12/2009; 117,05 
10/12/2009; 116,96 
11/12/2009; 116,88 
14/12/2009; 117,36 
15/12/2009; 117,24 
16/12/2009; 117,57 
17/12/2009; 116,98 
18/12/2009; 117,21 
21/12/2009; 116,89 
22/12/2009; 116,65 
23/12/2009; 116,65 
24/12/2009; 116,83 
28/12/2009; 116,89 
29/12/2009; 116,88 
30/12/2009; 116,91 
31/12/2009; 116,61 
04/01/2010; 117,72 
05/01/2010; 118,05 
06/01/2010; 118,12 
07/01/2010; 118,25 
08/01/2010; 118,59 
11/01/2010; 118,66 
12/01/2010; 118,42 
13/01/2010; 118,46 
14/01/2010; 118,84 
15/01/2010; 118,55 
19/01/2010; 119,00 
20/01/2010; 118,36 
21/01/2010; 117,64 
22/01/2010; 116,85 
25/01/2010; 116,81 
26/01/2010; 117,00 
27/01/2010; 116,69 
28/01/2010; 116,51 
29/01/2010; 116,48 
01/02/2010; 117,25 
02/02/2010; 117,91 
03/02/2010; 117,31 
04/02/2010; 116,05 
05/02/2010; 116,00 
08/02/2010; 115,66 
09/02/2010; 115,80 
10/02/2010; 115,47 
11/02/2010; 115,77 
12/02/2010; 115,74 
16/02/2010; 116,73 
17/02/2010; 116,59 
18/02/2010; 116,73 
19/02/2010; 116,55 
22/02/2010; 116,27 
23/02/2010; 116,12 
24/02/2010; 116,06 
25/02/2010; 116,18 
26/02/2010; 116,58 
01/03/2010; 116,83 
02/03/2010; 117,25 
03/03/2010; 117,34 
04/03/2010; 117,38 
05/03/2010; 117,50 
08/03/2010; 117,24 
09/03/2010; 117,45 
10/03/2010; 117,20 
11/03/2010; 117,47 
12/03/2010; 117,65 
15/03/2010; 117,72 
16/03/2010; 118,86 
17/03/2010; 119,13 
18/03/2010; 118,83 
19/03/2010; 118,05 
22/03/2010; 118,33 
23/03/2010; 118,57 
24/03/2010; 117,25 
25/03/2010; 117,16 
26/03/2010; 117,51 
29/03/2010; 117,62 
30/03/2010; 117,58 
31/03/2010; 117,97 
01/04/2010; 118,31 
05/04/2010; 118,14 
06/04/2010; 118,56 
07/04/2010; 119,15 
08/04/2010; 119,23 
09/04/2010; 119,73 
12/04/2010; 119,84 
13/04/2010; 119,86 
14/04/2010; 120,27 
15/04/2010; 120,64 
16/04/2010; 119,70 
19/04/2010; 119,64 
20/04/2010; 120,17 
21/04/2010; 120,52 
22/04/2010; 120,30 
23/04/2010; 120,81 
26/04/2010; 120,65 
27/04/2010; 120,70 
28/04/2010; 120,73 
29/04/2010; 121,55 
30/04/2010; 121,57 
03/05/2010; 121,85 
04/05/2010; 121,10 
05/05/2010; 121,04 
06/05/2010; 121,50 
07/05/2010; 120,89 
10/05/2010; 121,45 
11/05/2010; 122,30 
12/05/2010; 122,85 
13/05/2010; 122,54 
14/05/2010; 122,47 
17/05/2010; 121,92 
18/05/2010; 122,24 
19/05/2010; 120,88 
20/05/2010; 119,98 
21/05/2010; 120,14 
24/05/2010; 120,17 
25/05/2010; 120,04 
26/05/2010; 120,29 
27/05/2010; 120,54 
28/05/2010; 120,84 
01/06/2010; 120,50 
02/06/2010; 120,80 
03/06/2010; 120,49 
04/06/2010; 120,80 
07/06/2010; 121,19 
08/06/2010; 121,01 
09/06/2010; 120,92 
10/06/2010; 120,33 
11/06/2010; 121,24 
14/06/2010; 121,11 
15/06/2010; 121,72 
16/06/2010; 121,82 
17/06/2010; 122,63 
18/06/2010; 122,70 
21/06/2010; 122,15 
22/06/2010; 122,30 
23/06/2010; 122,15 
24/06/2010; 121,66 
25/06/2010; 122,40 
28/06/2010; 122,17 
29/06/2010; 121,71 
30/06/2010; 121,55 
01/07/2010; 119,82 
02/07/2010; 119,89 
06/07/2010; 119,79 
07/07/2010; 120,15 
08/07/2010; 120,36 
09/07/2010; 120,72 
12/07/2010; 120,50 
13/07/2010; 120,83 
14/07/2010; 121,07 
15/07/2010; 121,18 
16/07/2010; 120,17 
19/07/2010; 119,73 
20/07/2010; 120,14 
21/07/2010; 120,23 
22/07/2010; 120,68 
23/07/2010; 120,47 
26/07/2010; 120,56 
27/07/2010; 120,04 
28/07/2010; 120,28 
29/07/2010; 120,41 
30/07/2010; 120,97 
02/08/2010; 121,52 
03/08/2010; 122,00 
04/08/2010; 121,96 
05/08/2010; 122,30 
06/08/2010; 122,49 
09/08/2010; 122,46 
10/08/2010; 122,96 
11/08/2010; 122,28 
12/08/2010; 121,95 
13/08/2010; 122,10 
16/08/2010; 122,59 
17/08/2010; 122,68 
18/08/2010; 122,79 
19/08/2010; 122,46 
20/08/2010; 122,18 
23/08/2010; 122,04 
24/08/2010; 122,17 
25/08/2010; 122,55 
26/08/2010; 122,77 
27/08/2010; 122,59 
30/08/2010; 122,60 
31/08/2010; 123,24 
01/09/2010; 123,48 
02/09/2010; 123,76 
03/09/2010; 123,76 
07/09/2010; 124,33 
08/09/2010; 124,21 
09/09/2010; 123,68 
10/09/2010; 123,97 
13/09/2010; 124,85 
14/09/2010; 125,70 
15/09/2010; 125,58 
16/09/2010; 125,61 
17/09/2010; 125,28 
20/09/2010; 126,20 
21/09/2010; 127,76 
22/09/2010; 127,81 
23/09/2010; 127,60 
24/09/2010; 127,94 
27/09/2010; 128,00 
28/09/2010; 128,92 
29/09/2010; 128,61 
30/09/2010; 128,39 
01/10/2010; 128,96 
04/10/2010; 128,70 
05/10/2010; 130,44 
06/10/2010; 131,28 
07/10/2010; 130,86 
08/10/2010; 131,52 
11/10/2010; 131,66 
12/10/2010; 131,53 
13/10/2010; 132,40 
14/10/2010; 132,59 
15/10/2010; 132,17 
18/10/2010; 132,50 
19/10/2010; 131,41 
20/10/2010; 131,88 
21/10/2010; 131,67 
22/10/2010; 131,76 
25/10/2010; 132,16 
26/10/2010; 131,87 
27/10/2010; 131,24 
28/10/2010; 131,72 
29/10/2010; 132,14 
01/11/2010; 132,08 
02/11/2010; 132,54 
03/11/2010; 132,42 
04/11/2010; 133,90 
05/11/2010; 133,89 
08/11/2010; 134,07 
09/11/2010; 133,13 
10/11/2010; 133,58 
11/11/2010; 133,54 
12/11/2010; 132,39 
15/11/2010; 131,57 
16/11/2010; 131,14 
17/11/2010; 131,10 
18/11/2010; 131,67 
19/11/2010; 131,85 
22/11/2010; 132,11 
23/11/2010; 131,89 
24/11/2010; 132,00 
26/11/2010; 131,72 
29/11/2010; 131,90 
30/11/2010; 131,98 
01/12/2010; 132,14 
02/12/2010; 132,42 
03/12/2010; 132,93 
06/12/2010; 133,30 
07/12/2010; 132,33 
08/12/2010; 131,58 
09/12/2010; 131,70 
10/12/2010; 131,64 
13/12/2010; 132,04 
14/12/2010; 131,62 
15/12/2010; 131,40 
16/12/2010; 131,62 
17/12/2010; 131,98 
20/12/2010; 132,21 
21/12/2010; 132,54 
22/12/2010; 132,55 
23/12/2010; 132,25 
27/12/2010; 132,44 
28/12/2010; 132,51 
29/12/2010; 132,97 
30/12/2010; 132,72 
31/12/2010; 133,43 
03/01/2011; 133,49 
04/01/2011; 132,95 
05/01/2011; 132,89 
06/01/2011; 132,86 
07/01/2011; 132,90 
10/01/2011; 133,12 
11/01/2011; 133,48 
12/01/2011; 134,04 
13/01/2011; 133,84 
14/01/2011; 133,60 
18/01/2011; 133,86 
19/01/2011; 133,46 
20/01/2011; 132,12 
21/01/2011; 132,32 
24/01/2011; 132,41 
25/01/2011; 132,61 
26/01/2011; 132,93 
27/01/2011; 132,27 
28/01/2011; 132,19 
31/01/2011; 132,53 
01/02/2011; 133,37 
02/02/2011; 132,98 
03/02/2011; 133,03 
04/02/2011; 132,58 
07/02/2011; 132,84 
08/02/2011; 132,96 
09/02/2011; 133,07 
10/02/2011; 132,54 
11/02/2011; 133,12 
14/02/2011; 133,45 
15/02/2011; 133,65 
16/02/2011; 133,89 
17/02/2011; 134,60 
18/02/2011; 135,24 
22/02/2011; 135,07 
23/02/2011; 135,36 
24/02/2011; 135,31 
25/02/2011; 136,34 
28/02/2011; 136,49 
01/03/2011; 136,84 
02/03/2011; 136,67 
03/03/2011; 136,65 
04/03/2011; 137,27 
07/03/2011; 136,97 
08/03/2011; 137,29 
09/03/2011; 137,37 
10/03/2011; 136,60 
11/03/2011; 136,89 
14/03/2011; 136,99 
15/03/2011; 135,67 
16/03/2011; 135,60 
17/03/2011; 136,43 
18/03/2011; 136,86 
21/03/2011; 137,20 
22/03/2011; 136,85 
23/03/2011; 137,16 
24/03/2011; 137,24 
25/03/2011; 136,92 
28/03/2011; 136,67 
29/03/2011; 136,62 
30/03/2011; 137,36 
31/03/2011; 137,74 
01/04/2011; 137,78 
04/04/2011; 138,46 
05/04/2011; 138,99 
06/04/2011; 138,69 
07/04/2011; 138,80 
08/04/2011; 139,22 
11/04/2011; 138,68 
12/04/2011; 138,53 
13/04/2011; 138,85 
14/04/2011; 139,38 
15/04/2011; 140,75 
18/04/2011; 140,46 
19/04/2011; 141,03 
20/04/2011; 141,50 
21/04/2011; 141,64 
25/04/2011; 141,88 
26/04/2011; 142,45 
27/04/2011; 143,43 
28/04/2011; 144,07 
29/04/2011; 145,08 
02/05/2011; 144,49 
03/05/2011; 144,36 
04/05/2011; 143,65 
05/05/2011; 142,07 
06/05/2011; 142,73 
09/05/2011; 143,40 
10/05/2011; 143,57 
11/05/2011; 142,66 
12/05/2011; 142,75 
13/05/2011; 142,31 
16/05/2011; 142,06 
17/05/2011; 142,03 
18/05/2011; 142,46 
19/05/2011; 142,29 
20/05/2011; 142,27 
23/05/2011; 141,87 
24/05/2011; 142,58 
25/05/2011; 142,75 
26/05/2011; 143,13 
27/05/2011; 143,79 
31/05/2011; 143,92 
01/06/2011; 143,50 
02/06/2011; 142,94 
03/06/2011; 142,93 
06/06/2011; 142,64 
07/06/2011; 142,76 
08/06/2011; 142,41 
09/06/2011; 142,79 
10/06/2011; 141,80 
13/06/2011; 141,38 
14/06/2011; 141,76 
15/06/2011; 141,87 
16/06/2011; 141,82 
17/06/2011; 142,10 
20/06/2011; 141,97 
21/06/2011; 143,05 
22/06/2011; 142,59 
23/06/2011; 142,55 
24/06/2011; 141,94 
27/06/2011; 141,95 
28/06/2011; 142,17 
29/06/2011; 142,87 
30/06/2011; 142,59 
01/07/2011; 142,72 
05/07/2011; 143,75 
06/07/2011; 144,63 
07/07/2011; 145,08 
08/07/2011; 145,69 
11/07/2011; 146,10 
12/07/2011; 146,77 
13/07/2011; 147,56 
14/07/2011; 146,68 
15/07/2011; 147,45 
18/07/2011; 147,61 
19/07/2011; 148,20 
20/07/2011; 147,94 
21/07/2011; 147,92 
22/07/2011; 148,68 
25/07/2011; 148,94 
26/07/2011; 148,95 
27/07/2011; 148,13 
28/07/2011; 148,52 
29/07/2011; 149,93 
01/08/2011; 149,72 
02/08/2011; 150,47 
03/08/2011; 150,12 
04/08/2011; 148,97 
05/08/2011; 148,17 
08/08/2011; 149,01 
09/08/2011; 151,27 
10/08/2011; 153,22 
11/08/2011; 152,07 
12/08/2011; 152,30 
15/08/2011; 152,64 
16/08/2011; 152,93 
17/08/2011; 153,25 
18/08/2011; 152,77 
19/08/2011; 153,03 
22/08/2011; 153,76 
23/08/2011; 152,86 
24/08/2011; 151,41 
25/08/2011; 151,68 
26/08/2011; 152,61 
29/08/2011; 152,35 
30/08/2011; 153,21 
31/08/2011; 152,91 
01/09/2011; 153,18 
02/09/2011; 153,85 
06/09/2011; 153,41 
07/09/2011; 153,14 
08/09/2011; 153,78 
09/09/2011; 153,25 
12/09/2011; 152,76 
13/09/2011; 152,90 
14/09/2011; 152,94 
15/09/2011; 152,83 
16/09/2011; 153,13 
19/09/2011; 152,75 
20/09/2011; 153,31 
21/09/2011; 152,53 
22/09/2011; 151,12 
23/09/2011; 149,71 
26/09/2011; 149,57 
27/09/2011; 150,11 
28/09/2011; 149,36 
29/09/2011; 149,44 
30/09/2011; 148,99 
03/10/2011; 149,34 
04/10/2011; 149,43 
05/10/2011; 149,86 
06/10/2011; 150,27 
07/10/2011; 149,80 
10/10/2011; 150,33 
11/10/2011; 150,38 
12/10/2011; 150,37 
13/10/2011; 150,27 
14/10/2011; 150,59 
17/10/2011; 150,43 
18/10/2011; 151,05 
19/10/2011; 150,46 
20/10/2011; 150,29 
21/10/2011; 150,78 
24/10/2011; 151,43 
25/10/2011; 152,38 
26/10/2011; 152,73 
27/10/2011; 153,22 
28/10/2011; 153,49 
31/10/2011; 153,44 
01/11/2011; 153,79 
02/11/2011; 154,37 
03/11/2011; 154,64 
04/11/2011; 154,77 
07/11/2011; 155,88 
08/11/2011; 155,45 
09/11/2011; 154,48 
10/11/2011; 154,68 
11/11/2011; 155,21 
14/11/2011; 155,02 
15/11/2011; 154,87 
16/11/2011; 154,09 
17/11/2011; 153,09 
18/11/2011; 153,17 
21/11/2011; 152,12 
22/11/2011; 152,53 
23/11/2011; 152,38 
25/11/2011; 151,93 
28/11/2011; 153,16 
29/11/2011; 153,23 
30/11/2011; 154,08 
01/12/2011; 153,95 
02/12/2011; 154,29 
05/12/2011; 154,13 
06/12/2011; 154,06 
07/12/2011; 154,15 
08/12/2011; 153,32 
09/12/2011; 153,24 
12/12/2011; 152,78 
13/12/2011; 152,32 
14/12/2011; 151,49 
15/12/2011; 151,26 
16/12/2011; 151,84 
19/12/2011; 151,95 
20/12/2011; 152,94 
21/12/2011; 152,63 
22/12/2011; 152,61 
23/12/2011; 152,71 
27/12/2011; 152,26 
28/12/2011; 151,67 
29/12/2011; 151,71 
30/12/2011; 151,80 
03/01/2012; 152,72 
04/01/2012; 152,98 
05/01/2012; 153,41 
06/01/2012; 153,65 
09/01/2012; 153,73 
10/01/2012; 153,91 
11/01/2012; 154,39 
12/01/2012; 154,38 
13/01/2012; 154,40 
17/01/2012; 154,84 
18/01/2012; 155,25 
19/01/2012; 154,88 
20/01/2012; 154,78 
23/01/2012; 154,72 
24/01/2012; 154,49 
25/01/2012; 156,60 
26/01/2012; 157,21 
27/01/2012; 157,61 
30/01/2012; 157,68 
31/01/2012; 158,30 
01/02/2012; 158,57 
02/02/2012; 158,84 
03/02/2012; 158,01 
06/02/2012; 158,35 
07/02/2012; 158,51 
08/02/2012; 158,40 
09/02/2012; 158,04 
10/02/2012; 158,02 
13/02/2012; 158,57 
14/02/2012; 158,45 
15/02/2012; 158,61 
16/02/2012; 158,82 
17/02/2012; 158,58 
21/02/2012; 159,29 
22/02/2012; 160,13 
23/02/2012; 160,39 
24/02/2012; 160,38 
27/02/2012; 160,52 
28/02/2012; 161,05 
29/02/2012; 158,46 
01/03/2012; 158,94 
02/03/2012; 158,78 
05/03/2012; 158,05 
06/03/2012; 157,27 
07/03/2012; 157,93 
08/03/2012; 158,51 
09/03/2012; 158,98 
12/03/2012; 158,95 
13/03/2012; 159,13 
14/03/2012; 157,73 
15/03/2012; 158,35 
16/03/2012; 158,42 
19/03/2012; 158,39 
20/03/2012; 158,00 
21/03/2012; 158,11 
22/03/2012; 157,80 
23/03/2012; 158,55 
26/03/2012; 159,34 
27/03/2012; 159,37 
28/03/2012; 158,78 
29/03/2012; 158,84 
30/03/2012; 158,82 
02/04/2012; 159,71 
03/04/2012; 158,24 
04/04/2012; 157,38 
05/04/2012; 157,71 
09/04/2012; 157,77 
10/04/2012; 157,79 
11/04/2012; 158,24 
12/04/2012; 158,86 
13/04/2012; 158,46 
16/04/2012; 158,31 
17/04/2012; 159,03 
18/04/2012; 158,59 
19/04/2012; 158,16 
20/04/2012; 158,48 
23/04/2012; 158,19 
24/04/2012; 158,40 
25/04/2012; 158,93 
26/04/2012; 159,89 
27/04/2012; 159,91 
30/04/2012; 159,77 
01/05/2012; 159,81 
02/05/2012; 159,66 
03/05/2012; 158,85 
04/05/2012; 158,57 
07/05/2012; 158,50 
08/05/2012; 157,84 
09/05/2012; 157,09 
10/05/2012; 157,22 
11/05/2012; 156,90 
14/05/2012; 156,56 
15/05/2012; 156,10 
16/05/2012; 155,61 
17/05/2012; 156,21 
18/05/2012; 156,56 
21/05/2012; 157,56 
22/05/2012; 156,71 
23/05/2012; 156,64 
24/05/2012; 156,48 
25/05/2012; 156,76 
29/05/2012; 156,45 
30/05/2012; 156,94 
31/05/2012; 157,55 
01/06/2012; 158,30 
04/06/2012; 157,96 
05/06/2012; 158,12 
06/06/2012; 158,40 
07/06/2012; 157,76 
08/06/2012; 158,27 
11/06/2012; 157,86 
12/06/2012; 158,26 
13/06/2012; 158,54 
14/06/2012; 158,92 
15/06/2012; 160,39 
18/06/2012; 160,41 
19/06/2012; 160,44 
20/06/2012; 159,87 
21/06/2012; 157,25 
22/06/2012; 157,01 
25/06/2012; 157,23 
26/06/2012; 157,11 
27/06/2012; 157,48 
28/06/2012; 157,11 
29/06/2012; 158,38 
02/07/2012; 158,59 
03/07/2012; 159,33 
05/07/2012; 159,15 
06/07/2012; 158,75 
09/07/2012; 158,99 
10/07/2012; 158,72 
11/07/2012; 158,75 
12/07/2012; 158,78 
13/07/2012; 159,70 
16/07/2012; 159,79 
17/07/2012; 159,68 
18/07/2012; 159,87 
19/07/2012; 160,15 
20/07/2012; 160,37 
23/07/2012; 159,75 
24/07/2012; 159,64 
25/07/2012; 159,99 
26/07/2012; 160,61 
27/07/2012; 161,00 
30/07/2012; 161,45 
31/07/2012; 161,41 
01/08/2012; 161,09 
02/08/2012; 160,54 
03/08/2012; 161,36 
06/08/2012; 161,76 
07/08/2012; 161,54 
08/08/2012; 161,10 
09/08/2012; 160,93 
10/08/2012; 161,16 
13/08/2012; 160,56 
14/08/2012; 159,55 
15/08/2012; 158,47 
16/08/2012; 158,66 
17/08/2012; 158,92 
20/08/2012; 159,02 
21/08/2012; 159,47 
22/08/2012; 161,10 
23/08/2012; 161,79 
24/08/2012; 162,06 
27/08/2012; 162,22 
28/08/2012; 162,52 
29/08/2012; 161,89 
30/08/2012; 161,44 
31/08/2012; 163,28 
04/09/2012; 163,17 
05/09/2012; 163,24 
06/09/2012; 163,79 
07/09/2012; 165,13 
10/09/2012; 164,85 
11/09/2012; 164,99 
12/09/2012; 164,66 
13/09/2012; 166,91 
14/09/2012; 167,57 
17/09/2012; 167,19 
18/09/2012; 167,28 
19/09/2012; 167,39 
20/09/2012; 167,10 
21/09/2012; 167,17 
24/09/2012; 166,89 
25/09/2012; 166,50 
26/09/2012; 166,26 
27/09/2012; 167,17 
28/09/2012; 166,81 
01/10/2012; 167,19 
02/10/2012; 167,60 
03/10/2012; 167,95 
04/10/2012; 168,68 
05/10/2012; 168,26 
08/10/2012; 168,21 
09/10/2012; 167,26 
10/10/2012; 166,81 
11/10/2012; 166,85 
12/10/2012; 166,33 
15/10/2012; 166,28 
16/10/2012; 166,54 
17/10/2012; 166,44 
18/10/2012; 166,11 
19/10/2012; 165,21 
22/10/2012; 165,18 
23/10/2012; 164,24 
24/10/2012; 163,75 
25/10/2012; 163,81 
26/10/2012; 164,40 
31/10/2012; 165,41 
01/11/2012; 165,46 
02/11/2012; 164,00 
05/11/2012; 164,43 
06/11/2012; 165,18 
07/11/2012; 164,86 
08/11/2012; 165,27 
09/11/2012; 164,81 
12/11/2012; 165,07 
13/11/2012; 164,69 
14/11/2012; 164,00 
15/11/2012; 163,54 
16/11/2012; 163,77 
19/11/2012; 164,96 
20/11/2012; 164,48 
21/11/2012; 164,29 
23/11/2012; 165,29 
26/11/2012; 165,51 
27/11/2012; 165,12 
28/11/2012; 165,15 
29/11/2012; 165,76 
30/11/2012; 165,66 
03/12/2012; 165,73 
04/12/2012; 165,21 
05/12/2012; 165,46 
06/12/2012; 166,04 
07/12/2012; 166,20 
10/12/2012; 166,60 
11/12/2012; 166,44 
12/12/2012; 166,01 
13/12/2012; 164,78 
14/12/2012; 164,66 
17/12/2012; 164,82 
18/12/2012; 164,21 
19/12/2012; 163,81 
20/12/2012; 163,52 
21/12/2012; 163,59 
24/12/2012; 163,34 
26/12/2012; 163,38 
27/12/2012; 163,62 
28/12/2012; 162,81 
31/12/2012; 163,21 
02/01/2013; 164,74 
03/01/2013; 162,85 
04/01/2013; 162,67 
07/01/2013; 162,66 
08/01/2013; 163,05 
09/01/2013; 163,33 
10/01/2013; 163,97 
11/01/2013; 163,79 
14/01/2013; 163,95 
15/01/2013; 164,39 
16/01/2013; 164,38 
17/01/2013; 164,66 
18/01/2013; 164,92 
22/01/2013; 165,35 
23/01/2013; 165,29 
24/01/2013; 164,56 
25/01/2013; 163,90 
28/01/2013; 163,51 
29/01/2013; 163,68 
30/01/2013; 163,95 
31/01/2013; 163,92 
01/02/2013; 163,80 
04/02/2013; 164,35 
05/02/2013; 164,48 
06/02/2013; 164,86 
07/02/2013; 164,42 
08/02/2013; 164,57 
11/02/2013; 163,64 
12/02/2013; 163,80 
13/02/2013; 163,12 
14/02/2013; 163,14 
15/02/2013; 161,66 
19/02/2013; 161,86 
20/02/2013; 159,79 
21/02/2013; 160,01 
22/02/2013; 160,84 
25/02/2013; 160,90 
26/02/2013; 161,33 
27/02/2013; 161,45 
28/02/2013; 161,26 
01/03/2013; 161,91 
04/03/2013; 161,62 
05/03/2013; 162,05 
06/03/2013; 162,04 
07/03/2013; 161,37 
08/03/2013; 161,09 
11/03/2013; 161,31 
12/03/2013; 161,87 
13/03/2013; 161,80 
14/03/2013; 162,37 
15/03/2013; 162,53 
18/03/2013; 163,01 
19/03/2013; 163,26 
20/03/2013; 163,00 
21/03/2013; 162,87 
22/03/2013; 163,36 
25/03/2013; 163,04 
26/03/2013; 163,38 
27/03/2013; 164,07 
28/03/2013; 163,86 
01/04/2013; 163,75 
02/04/2013; 163,16 
03/04/2013; 162,43 
04/04/2013; 163,26 
05/04/2013; 164,48 
08/04/2013; 163,96 
09/04/2013; 164,40 
10/04/2013; 163,49 
11/04/2013; 164,21 
12/04/2013; 162,39 
15/04/2013; 156,72 
16/04/2013; 157,83 
17/04/2013; 157,35 
18/04/2013; 156,57 
19/04/2013; 157,34 
22/04/2013; 157,91 
23/04/2013; 158,17 
24/04/2013; 158,44 
25/04/2013; 158,91 
26/04/2013; 159,14 
29/04/2013; 159,22 
30/04/2013; 159,29 
01/05/2013; 158,70 
02/05/2013; 159,03 
03/05/2013; 158,67 
06/05/2013; 158,60 
07/05/2013; 158,58 
08/05/2013; 158,80 
09/05/2013; 158,42 
10/05/2013; 158,07 
13/05/2013; 157,58 
14/05/2013; 157,46 
15/05/2013; 157,30 
16/05/2013; 157,33 
17/05/2013; 156,70 
20/05/2013; 157,34 
21/05/2013; 157,30 
22/05/2013; 155,62 
23/05/2013; 155,92 
24/05/2013; 155,83 
28/05/2013; 155,21 
29/05/2013; 155,01 
30/05/2013; 155,17 
31/05/2013; 154,04 
03/06/2013; 154,62 
04/06/2013; 154,02 
05/06/2013; 153,50 
06/06/2013; 153,98 
07/06/2013; 153,47 
10/06/2013; 152,88 
11/06/2013; 152,26 
12/06/2013; 151,35 
13/06/2013; 152,62 
14/06/2013; 152,40 
17/06/2013; 152,35 
18/06/2013; 152,57 
19/06/2013; 150,70 
20/06/2013; 147,61 
21/06/2013; 147,29 
24/06/2013; 146,83 
25/06/2013; 147,04 
26/06/2013; 146,91 
27/06/2013; 147,09 
28/06/2013; 147,46 
01/07/2013; 147,85 
02/07/2013; 147,85 
03/07/2013; 147,85 
05/07/2013; 147,23 
08/07/2013; 147,86 
09/07/2013; 148,19 
10/07/2013; 148,09 
11/07/2013; 149,22 
12/07/2013; 149,24 
15/07/2013; 149,55 
16/07/2013; 149,70 
17/07/2013; 149,72 
18/07/2013; 149,81 
19/07/2013; 150,35 
22/07/2013; 150,89 
23/07/2013; 150,82 
24/07/2013; 150,01 
25/07/2013; 150,28 
26/07/2013; 150,34 
29/07/2013; 150,15 
30/07/2013; 150,08 
31/07/2013; 150,42 
01/08/2013; 150,32 
02/08/2013; 150,63 
05/08/2013; 150,47 
06/08/2013; 150,08 
07/08/2013; 150,10 
08/08/2013; 150,78 
09/08/2013; 150,70 
12/08/2013; 150,85 
13/08/2013; 150,21 
14/08/2013; 150,01 
15/08/2013; 149,29 
16/08/2013; 148,97 
19/08/2013; 148,19 
20/08/2013; 148,90 
21/08/2013; 148,11 
22/08/2013; 148,69 
23/08/2013; 149,61 
26/08/2013; 149,74 
27/08/2013; 149,57 
28/08/2013; 149,52 
29/08/2013; 149,35 
30/08/2013; 148,79 
03/09/2013; 149,01 
04/09/2013; 148,72 
05/09/2013; 147,83 
06/09/2013; 148,53 
09/09/2013; 149,05 
10/09/2013; 148,90 
11/09/2013; 149,39 
12/09/2013; 148,51 
13/09/2013; 148,65 
16/09/2013; 148,87 
17/09/2013; 149,37 
18/09/2013; 151,94 
19/09/2013; 151,57 
20/09/2013; 151,00 
23/09/2013; 150,94 
24/09/2013; 150,87 
25/09/2013; 150,93 
26/09/2013; 150,90 
27/09/2013; 150,86 
30/09/2013; 150,63 
01/10/2013; 150,41 
02/10/2013; 150,83 
03/10/2013; 150,45 
04/10/2013; 150,59 
07/10/2013; 150,41 
08/10/2013; 149,63 
09/10/2013; 149,47 
10/10/2013; 150,03 
11/10/2013; 150,03 
14/10/2013; 149,84 
15/10/2013; 149,90 
16/10/2013; 150,60 
17/10/2013; 151,99 
18/10/2013; 152,27 
21/10/2013; 152,22 
22/10/2013; 153,26 
23/10/2013; 152,93 
24/10/2013; 153,26 
25/10/2013; 153,71 
28/10/2013; 153,74 
29/10/2013; 153,76 
30/10/2013; 153,42 
31/10/2013; 152,80 
01/11/2013; 152,06 
04/11/2013; 152,23 
05/11/2013; 151,71 
06/11/2013; 152,56 
07/11/2013; 151,92 
08/11/2013; 151,45 
11/11/2013; 151,22 
12/11/2013; 150,88 
13/11/2013; 151,43 
14/11/2013; 152,41 
15/11/2013; 152,64 
18/11/2013; 152,40 
19/11/2013; 152,01 
20/11/2013; 150,74 
21/11/2013; 151,19 
22/11/2013; 151,59 
25/11/2013; 151,70 
26/11/2013; 151,57 
27/11/2013; 151,45 
29/11/2013; 151,63 
02/12/2013; 150,42 
03/12/2013; 150,34 
04/12/2013; 150,28 
05/12/2013; 149,64 
06/12/2013; 150,28 
09/12/2013; 150,71 
10/12/2013; 151,19 
11/12/2013; 150,30 
12/12/2013; 149,38 
13/12/2013; 149,84 
16/12/2013; 150,23 
17/12/2013; 150,16 
18/12/2013; 150,35 
19/12/2013; 149,41 
20/12/2013; 150,16 
23/12/2013; 150,15 
24/12/2013; 150,05 
26/12/2013; 150,35 
27/12/2013; 150,37 
30/12/2013; 150,27 
31/12/2013; 150,51 
02/01/2014; 150,78 
03/01/2014; 151,01 
06/01/2014; 151,28 
07/01/2014; 151,46 
08/01/2014; 151,24 
09/01/2014; 151,80 
10/01/2014; 153,06 
13/01/2014; 152,52 
14/01/2014; 152,53 
15/01/2014; 152,64 
16/01/2014; 152,70 
17/01/2014; 153,01 
21/01/2014; 152,60 
22/01/2014; 152,29 
23/01/2014; 153,10 
24/01/2014; 152,41 
27/01/2014; 151,34 
28/01/2014; 151,85 
29/01/2014; 152,27 
30/01/2014; 151,95 
31/01/2014; 152,01 
03/02/2014; 152,09 
04/02/2014; 151,74 
05/02/2014; 151,22 
06/02/2014; 151,78 
07/02/2014; 152,97 
10/02/2014; 153,40 
11/02/2014; 153,85 
12/02/2014; 153,59 
13/02/2014; 154,51 
14/02/2014; 154,98 
18/02/2014; 155,32 
19/02/2014; 154,49 
20/02/2014; 154,76 
21/02/2014; 154,92 
24/02/2014; 155,55 
25/02/2014; 156,07 
26/02/2014; 156,06 
27/02/2014; 156,49 
28/02/2014; 156,61 
03/03/2014; 157,69 
04/03/2014; 157,03 
05/03/2014; 157,31 
06/03/2014; 157,51 
07/03/2014; 156,94 
10/03/2014; 156,98 
11/03/2014; 156,90 
12/03/2014; 157,79 
13/03/2014; 157,85 
14/03/2014; 157,93 
17/03/2014; 157,67 
18/03/2014; 158,03 
19/03/2014; 155,52 
20/03/2014; 155,32 
21/03/2014; 155,55 
24/03/2014; 154,92 
25/03/2014; 155,18 
26/03/2014; 154,92 
27/03/2014; 154,64 
28/03/2014; 154,63 
31/03/2014; 154,82 
01/04/2014; 154,75 
02/04/2014; 154,96 
03/04/2014; 154,89 
04/04/2014; 155,28 
07/04/2014; 154,58 
08/04/2014; 155,29 
09/04/2014; 156,04 
10/04/2014; 155,56 
11/04/2014; 155,40 
14/04/2014; 155,81 
15/04/2014; 155,59 
16/04/2014; 156,15 
17/04/2014; 155,75 
21/04/2014; 155,73 
22/04/2014; 155,77 
23/04/2014; 156,13 
24/04/2014; 156,62 
25/04/2014; 156,62 
28/04/2014; 156,10 
29/04/2014; 156,23 
30/04/2014; 156,72 
01/05/2014; 157,01 
02/05/2014; 157,84 
05/05/2014; 158,11 
06/05/2014; 157,48 
07/05/2014; 157,20 
08/05/2014; 157,34 
09/05/2014; 157,31 
12/05/2014; 157,74 
13/05/2014; 158,05 
14/05/2014; 159,12 
15/05/2014; 158,93 
16/05/2014; 158,88 
19/05/2014; 158,72 
20/05/2014; 158,65 
21/05/2014; 158,96 
22/05/2014; 159,45 
23/05/2014; 159,94 
27/05/2014; 159,19 
28/05/2014; 159,60 
29/05/2014; 159,75 
30/05/2014; 159,33 
02/06/2014; 158,29 
03/06/2014; 157,57 
04/06/2014; 157,25 
05/06/2014; 158,44 
06/06/2014; 158,77 
09/06/2014; 158,85 
10/06/2014; 158,98 
11/06/2014; 158,86 
12/06/2014; 159,28 
13/06/2014; 159,42 
16/06/2014; 159,37 
17/06/2014; 159,32 
18/06/2014; 160,65 
19/06/2014; 162,41 
20/06/2014; 162,73 
23/06/2014; 162,69 
24/06/2014; 162,85 
25/06/2014; 163,27 
26/06/2014; 163,39 
27/06/2014; 163,57 
30/06/2014; 163,99 
01/07/2014; 163,77 
02/07/2014; 163,20 
03/07/2014; 163,53 
07/07/2014; 163,43 
08/07/2014; 163,34 
09/07/2014; 164,31 
10/07/2014; 164,41 
11/07/2014; 164,81 
14/07/2014; 163,80 
15/07/2014; 162,90 
16/07/2014; 163,31 
17/07/2014; 163,89 
18/07/2014; 164,17 
21/07/2014; 164,34 
22/07/2014; 164,34 
23/07/2014; 164,45 
24/07/2014; 163,75 
25/07/2014; 164,53 
28/07/2014; 164,33 
29/07/2014; 164,07 
30/07/2014; 163,03 
31/07/2014; 160,97 
01/08/2014; 161,46 
04/08/2014; 161,52 
05/08/2014; 161,14 
06/08/2014; 161,72 
07/08/2014; 162,13 
08/08/2014; 162,60 
11/08/2014; 162,69 
12/08/2014; 162,25 
13/08/2014; 163,06 
14/08/2014; 163,49 
15/08/2014; 163,48 
18/08/2014; 163,22 
19/08/2014; 163,16 
20/08/2014; 162,73 
21/08/2014; 162,58 
22/08/2014; 162,57 
25/08/2014; 162,86 
26/08/2014; 163,06 
27/08/2014; 163,28 
28/08/2014; 163,77 
29/08/2014; 163,75 
02/09/2014; 161,91 
03/09/2014; 162,36 
04/09/2014; 161,55 
05/09/2014; 161,93 
08/09/2014; 160,97 
09/09/2014; 160,23 
10/09/2014; 159,82 
11/09/2014; 159,67 
12/09/2014; 158,44 
15/09/2014; 158,63 
16/09/2014; 159,11 
17/09/2014; 158,03 
18/09/2014; 158,15 
19/09/2014; 158,05 
22/09/2014; 157,43 
23/09/2014; 157,71 
24/09/2014; 157,89 
25/09/2014; 157,39 
26/09/2014; 157,18 
29/09/2014; 157,15 
30/09/2014; 156,50 
01/10/2014; 156,85 
02/10/2014; 156,55 
03/10/2014; 155,86 
06/10/2014; 156,67 
07/10/2014; 156,45 
08/10/2014; 158,71 
09/10/2014; 157,55 
10/10/2014; 157,37 
13/10/2014; 157,60 
14/10/2014; 157,45 
15/10/2014; 157,50 
16/10/2014; 157,44 
17/10/2014; 157,72 
20/10/2014; 158,48 
21/10/2014; 159,07 
22/10/2014; 158,46 
23/10/2014; 158,04 
24/10/2014; 158,15 
27/10/2014; 157,90 
28/10/2014; 158,25 
29/10/2014; 157,19 
30/10/2014; 156,74 
31/10/2014; 156,12 
03/11/2014; 155,92 
04/11/2014; 155,75 
05/11/2014; 155,19 
06/11/2014; 155,11 
07/11/2014; 157,22 
10/11/2014; 155,87 
11/11/2014; 156,29 
12/11/2014; 155,96 
13/11/2014; 155,90 
14/11/2014; 156,90 
17/11/2014; 156,36 
18/11/2014; 156,93 
19/11/2014; 156,02 
20/11/2014; 156,68 
21/11/2014; 157,37 
24/11/2014; 157,52 
25/11/2014; 157,64 
26/11/2014; 157,77 
28/11/2014; 156,91 
01/12/2014; 157,35 
02/12/2014; 156,65 
03/12/2014; 157,28 
04/12/2014; 157,38 
05/12/2014; 156,42 
08/12/2014; 156,41 
09/12/2014; 157,37 
10/12/2014; 156,58 
11/12/2014; 156,68 
12/12/2014; 155,96 
15/12/2014; 154,50 
16/12/2014; 155,02 
17/12/2014; 155,18 
18/12/2014; 155,72 
19/12/2014; 156,23 
22/12/2014; 155,98 
23/12/2014; 155,38 
24/12/2014; 155,27 
26/12/2014; 155,93 
29/12/2014; 155,84 
30/12/2014; 155,97 
31/12/2014; 155,43 
02/01/2015; 156,24 
05/01/2015; 155,98 
06/01/2015; 155,90 
07/01/2015; 156,33 
08/01/2015; 156,77 
09/01/2015; 157,16 
12/01/2015; 157,18 
13/01/2015; 156,75 
14/01/2015; 157,23 
15/01/2015; 158,76 
16/01/2015; 159,12 
20/01/2015; 159,90 
21/01/2015; 159,68 
22/01/2015; 160,61 
23/01/2015; 160,75 
26/01/2015; 160,35 
27/01/2015; 160,51 
28/01/2015; 160,08 
29/01/2015; 159,59 
30/01/2015; 160,67 
02/02/2015; 160,85 
03/02/2015; 160,61 
04/02/2015; 160,83 
05/02/2015; 160,83 
06/02/2015; 158,81 
09/02/2015; 158,56 
10/02/2015; 158,50 
11/02/2015; 158,03 
12/02/2015; 158,32 
13/02/2015; 158,46 
17/02/2015; 157,49 
18/02/2015; 158,02 
19/02/2015; 157,81 
20/02/2015; 157,90 
23/02/2015; 158,13 
24/02/2015; 158,84 
25/02/2015; 159,11 
26/02/2015; 159,09 
27/02/2015; 159,55 
02/03/2015; 158,85 
03/03/2015; 158,70 
04/03/2015; 158,43 
05/03/2015; 158,28 
06/03/2015; 155,12 
09/03/2015; 155,25 
10/03/2015; 154,67 
11/03/2015; 154,54 
12/03/2015; 154,80 
13/03/2015; 154,44 
16/03/2015; 154,95 
17/03/2015; 154,76 
18/03/2015; 156,73 
19/03/2015; 156,51 
20/03/2015; 157,09 
23/03/2015; 157,17 
24/03/2015; 157,29 
25/03/2015; 156,89 
26/03/2015; 156,72 
27/03/2015; 156,71 
30/03/2015; 156,60 
31/03/2015; 156,42 
01/04/2015; 157,30 
02/04/2015; 157,10 
06/04/2015; 157,94 
07/04/2015; 157,82 
08/04/2015; 157,63 
09/04/2015; 157,35 
10/04/2015; 157,85 
13/04/2015; 157,46 
14/04/2015; 157,52 
15/04/2015; 158,18 
16/04/2015; 158,14 
17/04/2015; 158,27 
20/04/2015; 158,21 
21/04/2015; 158,10 
22/04/2015; 157,47 
23/04/2015; 158,05 
24/04/2015; 157,98 
27/04/2015; 158,53 
28/04/2015; 158,54 
29/04/2015; 157,91 
30/04/2015; 156,87 
01/05/2015; 156,99 
04/05/2015; 157,09 
05/05/2015; 156,56 
06/05/2015; 155,59 
07/05/2015; 155,74 
08/05/2015; 156,90 
11/05/2015; 155,73 
12/05/2015; 155,97 
13/05/2015; 156,48 
14/05/2015; 157,25 
15/05/2015; 157,91 
18/05/2015; 157,65 
19/05/2015; 156,86 
20/05/2015; 157,07 
21/05/2015; 157,35 
22/05/2015; 157,32 
26/05/2015; 156,33 
27/05/2015; 156,75 
28/05/2015; 156,69 
29/05/2015; 156,67 
01/06/2015; 156,25 
02/06/2015; 156,02 
03/06/2015; 155,40 
04/06/2015; 154,90 
05/06/2015; 154,39 
08/06/2015; 154,29 
09/06/2015; 154,20 
10/06/2015; 154,91 
11/06/2015; 155,29 
12/06/2015; 154,93 
15/06/2015; 155,17 
16/06/2015; 155,79 
17/06/2015; 156,20 
18/06/2015; 157,19 
19/06/2015; 156,98 
22/06/2015; 156,27 
23/06/2015; 155,79 
24/06/2015; 155,44 
25/06/2015; 155,11 
26/06/2015; 154,74 
29/06/2015; 154,48 
30/06/2015; 154,12 
01/07/2015; 153,97 
02/07/2015; 154,24 
06/07/2015; 154,64 
07/07/2015; 154,60 
08/07/2015; 154,00 
09/07/2015; 153,57 
10/07/2015; 153,76 
13/07/2015; 153,69 
14/07/2015; 153,93 
15/07/2015; 153,84 
16/07/2015; 154,14 
17/07/2015; 153,39 
20/07/2015; 151,07 
21/07/2015; 150,90 
22/07/2015; 150,64 
23/07/2015; 150,33 
24/07/2015; 150,07 
27/07/2015; 149,77 
28/07/2015; 150,22 
29/07/2015; 150,67 
30/07/2015; 150,44 
31/07/2015; 151,20 
03/08/2015; 150,49 
04/08/2015; 149,75 
05/08/2015; 149,34 
06/08/2015; 149,32 
07/08/2015; 149,66 
10/08/2015; 150,75 
11/08/2015; 151,01 
12/08/2015; 151,50 
13/08/2015; 150,66 
14/08/2015; 150,72 
17/08/2015; 151,14 
18/08/2015; 150,65 
19/08/2015; 151,33 
20/08/2015; 151,38 
21/08/2015; 149,97 
24/08/2015; 147,11 
25/08/2015; 145,78 
26/08/2015; 145,45 
27/08/2015; 146,34 
28/08/2015; 146,91 
31/08/2015; 146,74 
01/09/2015; 146,14 
02/09/2015; 146,00 
03/09/2015; 145,77 
04/09/2015; 145,56 
08/09/2015; 145,55 
09/09/2015; 145,05 
10/09/2015; 145,28 
11/09/2015; 145,59 
14/09/2015; 145,32 
15/09/2015; 144,67 
16/09/2015; 145,40 
17/09/2015; 146,65 
18/09/2015; 146,93 
21/09/2015; 146,25 
22/09/2015; 145,92 
23/09/2015; 145,99 
24/09/2015; 146,79 
25/09/2015; 146,03 
28/09/2015; 144,98 
29/09/2015; 145,09 
30/09/2015; 145,30 
01/10/2015; 145,61 
02/10/2015; 147,21 
05/10/2015; 147,26 
06/10/2015; 147,67 
07/10/2015; 147,77 
08/10/2015; 147,77 
09/10/2015; 148,04 
12/10/2015; 148,34 
13/10/2015; 148,29 
14/10/2015; 149,07 
15/10/2015; 149,12 
16/10/2015; 148,75 
19/10/2015; 148,45 
20/10/2015; 148,50 
21/10/2015; 148,10 
22/10/2015; 148,94 
23/10/2015; 149,04 
26/10/2015; 148,92 
27/10/2015; 149,19 
28/10/2015; 148,64 
29/10/2015; 147,95 
30/10/2015; 148,01 
02/11/2015; 148,07 
03/11/2015; 147,39 
04/11/2015; 146,76 
05/11/2015; 146,25 
06/11/2015; 145,22 
09/11/2015; 144,97 
10/11/2015; 144,94 
11/11/2015; 144,69 
12/11/2015; 144,22 
13/11/2015; 143,90 
16/11/2015; 144,37 
17/11/2015; 144,06 
18/11/2015; 144,76 
19/11/2015; 145,61 
20/11/2015; 145,65 
23/11/2015; 145,46 
24/11/2015; 145,88 
25/11/2015; 145,63 
27/11/2015; 145,29 
30/11/2015; 145,34 
01/12/2015; 146,34 
02/12/2015; 144,85 
03/12/2015; 143,94 
04/12/2015; 145,44 
07/12/2015; 144,83 
08/12/2015; 144,73 
09/12/2015; 144,35 
10/12/2015; 144,20 
11/12/2015; 144,15 
14/12/2015; 143,28 
15/12/2015; 143,41 
16/12/2015; 143,87 
17/12/2015; 143,15 
18/12/2015; 143,33 
21/12/2015; 143,66 
22/12/2015; 143,62 
23/12/2015; 143,97 
24/12/2015; 144,32 
28/12/2015; 144,05 
29/12/2015; 143,90 
30/12/2015; 143,58 
31/12/2015; 143,48 
04/01/2016; 143,98 
05/01/2016; 144,05 
06/01/2016; 144,54 
07/01/2016; 144,14 
08/01/2016; 143,73 
11/01/2016; 142,71 
12/01/2016; 143,15 
13/01/2016; 142,83 
14/01/2016; 142,64 
15/01/2016; 142,42 
19/01/2016; 142,28 
20/01/2016; 142,50 
21/01/2016; 142,16 
22/01/2016; 142,80 
25/01/2016; 143,04 
26/01/2016; 144,28 
27/01/2016; 144,52 
28/01/2016; 144,56 
29/01/2016; 145,94 
01/02/2016; 146,05 
02/02/2016; 146,03 
03/02/2016; 146,70 
04/02/2016; 147,23 
05/02/2016; 146,97 
08/02/2016; 147,19 
09/02/2016; 146,79 
10/02/2016; 147,60 
11/02/2016; 149,24 
12/02/2016; 149,06 
16/02/2016; 148,22 
17/02/2016; 148,58 
18/02/2016; 149,40 
19/02/2016; 149,34 
22/02/2016; 149,62 
23/02/2016; 150,03 
24/02/2016; 150,56 
25/02/2016; 151,56 
26/02/2016; 150,94 
29/02/2016; 151,47 
01/03/2016; 151,60 
02/03/2016; 152,19 
03/03/2016; 153,03 
04/03/2016; 152,67 
07/03/2016; 152,31 
08/03/2016; 152,36 
09/03/2016; 152,20 
10/03/2016; 152,26 
11/03/2016; 152,21 
14/03/2016; 151,60 
15/03/2016; 151,28 
16/03/2016; 153,71 
17/03/2016; 154,16 
18/03/2016; 154,43 
21/03/2016; 154,33 
22/03/2016; 154,16 
23/03/2016; 153,45 
24/03/2016; 153,15 
28/03/2016; 153,34 
29/03/2016; 155,19 
30/03/2016; 155,03 
31/03/2016; 155,13 
01/04/2016; 155,27 
04/04/2016; 155,09 
05/04/2016; 155,13 
06/04/2016; 155,17 
07/04/2016; 155,39 
08/04/2016; 155,27 
11/04/2016; 155,31 
12/04/2016; 155,27 
13/04/2016; 155,47 
14/04/2016; 154,78 
15/04/2016; 155,34 
18/04/2016; 155,58 
19/04/2016; 156,39 
20/04/2016; 155,80 
21/04/2016; 155,54 
22/04/2016; 155,08 
25/04/2016; 154,96 
26/04/2016; 155,10 
27/04/2016; 155,99 
28/04/2016; 156,77 
29/04/2016; 157,10 
02/05/2016; 157,06 
03/05/2016; 156,55 
04/05/2016; 156,17 
05/05/2016; 156,50 
06/05/2016; 156,59 
09/05/2016; 155,97 
10/05/2016; 157,16 
11/05/2016; 156,89 
12/05/2016; 156,56 
13/05/2016; 156,56 
16/05/2016; 156,96 
17/05/2016; 156,67 
18/05/2016; 154,88 
19/05/2016; 154,57 
20/05/2016; 154,77 
23/05/2016; 154,66 
24/05/2016; 154,59 
25/05/2016; 154,92 
26/05/2016; 155,16 
27/05/2016; 154,91 
31/05/2016; 154,76 
01/06/2016; 154,62 
02/06/2016; 155,15 
03/06/2016; 156,96 
06/06/2016; 157,42 
07/06/2016; 157,76 
08/06/2016; 158,67 
09/06/2016; 158,81 
10/06/2016; 158,41 
13/06/2016; 158,04 
14/06/2016; 157,67 
15/06/2016; 158,41 
16/06/2016; 157,97 
17/06/2016; 157,82 
20/06/2016; 157,65 
21/06/2016; 156,77 
22/06/2016; 157,02 
23/06/2016; 157,68 
24/06/2016; 157,74 
27/06/2016; 157,29 
28/06/2016; 158,22 
29/06/2016; 158,94 
30/06/2016; 159,86 
01/07/2016; 161,29 
05/07/2016; 161,51 
06/07/2016; 162,07 
07/07/2016; 161,73 
08/07/2016; 162,58 
11/07/2016; 161,89 
12/07/2016; 161,31 
13/07/2016; 161,77 
14/07/2016; 161,47 
15/07/2016; 161,21 
18/07/2016; 161,26 
19/07/2016; 161,27 
20/07/2016; 160,77 
21/07/2016; 161,16 
22/07/2016; 160,99 
25/07/2016; 160,38 
26/07/2016; 160,76 
27/07/2016; 161,74 
28/07/2016; 161,88 
29/07/2016; 162,56 
01/08/2016; 161,63 
02/08/2016; 160,95 
03/08/2016; 161,27 
04/08/2016; 161,87 
05/08/2016; 161,37 
08/08/2016; 161,38 
09/08/2016; 161,84 
10/08/2016; 161,90 
11/08/2016; 161,58 
12/08/2016; 161,77 
15/08/2016; 161,74 
16/08/2016; 161,43 
17/08/2016; 161,97 
18/08/2016; 162,56 
19/08/2016; 161,84 
22/08/2016; 162,04 
23/08/2016; 162,36 
24/08/2016; 161,28 
25/08/2016; 161,11 
26/08/2016; 160,40 
29/08/2016; 161,32 
30/08/2016; 160,64 
31/08/2016; 160,38 
01/09/2016; 160,52 
02/09/2016; 161,13 
06/09/2016; 162,72 
07/09/2016; 162,74 
08/09/2016; 162,02 
09/09/2016; 159,35 
12/09/2016; 160,29 
13/09/2016; 159,32 
14/09/2016; 159,54 
15/09/2016; 159,60 
16/09/2016; 159,50 
19/09/2016; 159,46 
20/09/2016; 159,48 
21/09/2016; 160,79 
22/09/2016; 161,58 
23/09/2016; 161,66 
26/09/2016; 161,42 
27/09/2016; 161,43 
28/09/2016; 161,58 
29/09/2016; 161,21 
30/09/2016; 161,34 
03/10/2016; 161,06 
04/10/2016; 158,93 
05/10/2016; 158,85 
06/10/2016; 158,71 
07/10/2016; 158,58 
10/10/2016; 158,72 
11/10/2016; 158,03 
12/10/2016; 158,09 
13/10/2016; 158,20 
14/10/2016; 157,96 
17/10/2016; 158,40 
18/10/2016; 158,90 
19/10/2016; 159,34 
20/10/2016; 158,99 
21/10/2016; 159,16 
24/10/2016; 159,08 
25/10/2016; 159,37 
26/10/2016; 158,95 
27/10/2016; 158,35 
28/10/2016; 158,52 
31/10/2016; 158,85 
01/11/2016; 158,73 
02/11/2016; 158,76 
03/11/2016; 158,36 
04/11/2016; 158,68 
07/11/2016; 159,05 
08/11/2016; 158,89 
09/11/2016; 158,15 
10/11/2016; 157,32 
11/11/2016; 155,65 
14/11/2016; 154,21 
15/11/2016; 154,98 
16/11/2016; 155,00 
17/11/2016; 154,89 
18/11/2016; 154,32 
21/11/2016; 155,09 
22/11/2016; 155,27 
23/11/2016; 154,24 
25/11/2016; 154,02 
28/11/2016; 154,27 
29/11/2016; 154,32 
30/11/2016; 153,81 
01/12/2016; 153,12 
02/12/2016; 153,39 
05/12/2016; 153,71 
06/12/2016; 154,10 
07/12/2016; 155,09 
08/12/2016; 155,02 
09/12/2016; 154,37 
12/12/2016; 154,42 
13/12/2016; 154,60 
14/12/2016; 152,57 
15/12/2016; 151,44 
16/12/2016; 151,43 
19/12/2016; 151,97 
20/12/2016; 152,01 
21/12/2016; 152,09 
22/12/2016; 152,19 
23/12/2016; 152,47 
27/12/2016; 152,76 
28/12/2016; 152,63 
29/12/2016; 153,22 
30/12/2016; 153,09 
03/01/2017; 153,92 
04/01/2017; 154,65 
05/01/2017; 155,54 
06/01/2017; 155,03 
09/01/2017; 155,27 
10/01/2017; 155,49 
11/01/2017; 156,10 
12/01/2017; 156,17 
13/01/2017; 156,22 
17/01/2017; 156,87 
18/01/2017; 156,13 
19/01/2017; 155,75 
20/01/2017; 156,12 
23/01/2017; 156,61 
24/01/2017; 156,70 
25/01/2017; 156,65 
26/01/2017; 156,34 
27/01/2017; 156,52 
30/01/2017; 156,20 
31/01/2017; 157,08 
01/02/2017; 156,69 
02/02/2017; 156,99 
03/02/2017; 157,49 
06/02/2017; 158,24 
07/02/2017; 158,09 
08/02/2017; 158,77 
09/02/2017; 158,64 
10/02/2017; 159,16 
13/02/2017; 159,06 
14/02/2017; 159,07 
15/02/2017; 159,82 
16/02/2017; 159,99 
17/02/2017; 160,27 
21/02/2017; 160,69 
22/02/2017; 160,94 
23/02/2017; 161,71 
24/02/2017; 162,50 
27/02/2017; 162,00 
28/02/2017; 161,83 
01/03/2017; 162,04 
02/03/2017; 160,55 
03/03/2017; 160,86 
06/03/2017; 160,21 
07/03/2017; 159,40 
08/03/2017; 158,44 
09/03/2017; 157,96 
10/03/2017; 158,47 
13/03/2017; 158,24 
14/03/2017; 157,67 
15/03/2017; 160,16 
16/03/2017; 160,14 
17/03/2017; 160,21 
20/03/2017; 160,39 
21/03/2017; 160,05 
22/03/2017; 160,38 
23/03/2017; 160,18 
24/03/2017; 160,46 
27/03/2017; 160,79 
28/03/2017; 160,71 
29/03/2017; 161,12 
30/03/2017; 160,73 
31/03/2017; 160,98 
03/04/2017; 161,31 
04/04/2017; 161,34 
05/04/2017; 161,34 
06/04/2017; 161,29 
07/04/2017; 160,89 
10/04/2017; 160,98 
11/04/2017; 161,92 
12/04/2017; 162,42 
13/04/2017; 162,29 
17/04/2017; 162,58 
18/04/2017; 162,86 
19/04/2017; 161,98 
20/04/2017; 162,56 
21/04/2017; 162,28 
24/04/2017; 162,63 
25/04/2017; 162,26 
26/04/2017; 162,78 
27/04/2017; 162,76 
28/04/2017; 162,99 
01/05/2017; 162,07 
02/05/2017; 162,08 
03/05/2017; 160,96 
04/05/2017; 160,00 
05/05/2017; 160,46 
08/05/2017; 159,80 
09/05/2017; 159,33 
10/05/2017; 159,51 
11/05/2017; 159,92 
12/05/2017; 160,13 
15/05/2017; 160,33 
16/05/2017; 160,55 
17/05/2017; 160,84 
18/05/2017; 160,94 
19/05/2017; 161,86 
22/05/2017; 162,16 
23/05/2017; 161,75 
24/05/2017; 162,18 
25/05/2017; 162,20 
26/05/2017; 162,97 
30/05/2017; 163,04 
31/05/2017; 163,25 
01/06/2017; 163,65 
02/06/2017; 164,82 
05/06/2017; 164,41 
06/06/2017; 164,95 
07/06/2017; 164,45 
08/06/2017; 164,00 
09/06/2017; 163,31 
12/06/2017; 162,90 
13/06/2017; 163,53 
14/06/2017; 163,19 
15/06/2017; 162,15 
16/06/2017; 162,19 
19/06/2017; 162,26 
20/06/2017; 161,77 
21/06/2017; 162,11 
22/06/2017; 162,70 
23/06/2017; 163,11 
26/06/2017; 162,86 
27/06/2017; 161,84 
28/06/2017; 162,62 
29/06/2017; 161,19 
30/06/2017; 160,97 
03/07/2017; 159,91 
05/07/2017; 160,41 
06/07/2017; 159,54 
07/07/2017; 159,11 
10/07/2017; 159,16 
11/07/2017; 159,55 
12/07/2017; 160,51 
13/07/2017; 160,47 
14/07/2017; 161,09 
17/07/2017; 161,53 
18/07/2017; 162,23 
19/07/2017; 162,64 
20/07/2017; 162,42 
21/07/2017; 162,97 
24/07/2017; 162,95 
25/07/2017; 162,43 
26/07/2017; 163,24 
27/07/2017; 163,03 
28/07/2017; 163,63 
31/07/2017; 163,59 
01/08/2017; 163,75 
02/08/2017; 163,60 
03/08/2017; 163,88 
04/08/2017; 163,42 
07/08/2017; 163,63 
08/08/2017; 163,67 
09/08/2017; 164,52 
10/08/2017; 164,10 
11/08/2017; 164,35 
14/08/2017; 164,02 
15/08/2017; 163,17 
16/08/2017; 163,92 
17/08/2017; 163,51 
18/08/2017; 163,35 
21/08/2017; 163,63 
22/08/2017; 163,76 
23/08/2017; 164,17 
24/08/2017; 163,48 
25/08/2017; 164,06 
28/08/2017; 165,07 
29/08/2017; 165,23 
30/08/2017; 165,44 
31/08/2017; 166,76 
01/09/2017; 166,47 
05/09/2017; 167,57 
06/09/2017; 167,32 
07/09/2017; 168,38 
08/09/2017; 168,26 
11/09/2017; 167,79 
12/09/2017; 167,93 
13/09/2017; 167,33 
14/09/2017; 167,75 
15/09/2017; 167,40 
18/09/2017; 166,99 
19/09/2017; 167,00 
20/09/2017; 166,22 
21/09/2017; 165,32 
22/09/2017; 165,91 
25/09/2017; 166,62 
26/09/2017; 166,01 
27/09/2017; 165,45 
28/09/2017; 165,52 
29/09/2017; 165,27 
02/10/2017; 165,11 
03/10/2017; 165,44 
04/10/2017; 165,77 
05/10/2017; 165,85 
06/10/2017; 165,85 
09/10/2017; 166,11 
10/10/2017; 166,67 
11/10/2017; 167,10 
12/10/2017; 167,28 
13/10/2017; 167,90 
16/10/2017; 167,35 
17/10/2017; 166,84 
18/10/2017; 166,58 
19/10/2017; 167,02 
20/10/2017; 166,87 
23/10/2017; 166,58 
24/10/2017; 166,36 
25/10/2017; 165,81 
26/10/2017; 165,48 
27/10/2017; 166,77 
30/10/2017; 166,92 
31/10/2017; 166,92 
01/11/2017; 167,25 
02/11/2017; 167,52 
03/11/2017; 167,64 
06/11/2017; 168,38 
07/11/2017; 168,35 
08/11/2017; 168,54 
09/11/2017; 168,41 
10/11/2017; 167,37 
13/11/2017; 167,46 
14/11/2017; 167,52 
15/11/2017; 167,42 
16/11/2017; 167,83 
17/11/2017; 168,43 
20/11/2017; 167,63 
21/11/2017; 168,18 
22/11/2017; 168,95 
24/11/2017; 168,80 
27/11/2017; 168,89 
28/11/2017; 169,64 
29/11/2017; 168,90 
30/11/2017; 168,94 
01/12/2017; 169,36 
04/12/2017; 169,15 
05/12/2017; 168,70 
06/12/2017; 168,76 
07/12/2017; 168,12 
08/12/2017; 168,41 
11/12/2017; 168,30 
12/12/2017; 168,59 
13/12/2017; 169,23 
14/12/2017; 168,86 
15/12/2017; 169,41 
18/12/2017; 169,72 
19/12/2017; 169,01 
20/12/2017; 168,54 
21/12/2017; 169,08 
22/12/2017; 169,41 
26/12/2017; 169,79 
27/12/2017; 170,63 
28/12/2017; 171,08 
29/12/2017; 171,50 
02/01/2018; 172,30 
03/01/2018; 172,78 
04/01/2018; 173,39 
05/01/2018; 173,78 
08/01/2018; 173,71 
09/01/2018; 173,09 
10/01/2018; 173,05 
11/01/2018; 173,57 
12/01/2018; 174,83 
16/01/2018; 174,91 
17/01/2018; 175,01 
18/01/2018; 174,63 
19/01/2018; 174,83 
22/01/2018; 175,30 
23/01/2018; 175,92 
24/01/2018; 176,41 
25/01/2018; 176,39 
26/01/2018; 177,00 
29/01/2018; 175,88 
30/01/2018; 174,68 
31/01/2018; 175,46 
01/02/2018; 174,64 
02/02/2018; 172,60 
05/02/2018; 170,90 
06/02/2018; 170,64 
07/02/2018; 169,93 
08/02/2018; 168,77 
09/02/2018; 168,62 
12/02/2018; 169,22 
13/02/2018; 169,66 
14/02/2018; 170,70 
15/02/2018; 171,10 
16/02/2018; 171,19 
20/02/2018; 170,27 
21/02/2018; 169,48 
22/02/2018; 169,86 
23/02/2018; 170,70 
26/02/2018; 171,25 
27/02/2018; 170,14 
28/02/2018; 170,05 
01/03/2018; 170,04 
02/03/2018; 170,27 
05/03/2018; 170,35 
06/03/2018; 170,89 
07/03/2018; 170,54 
08/03/2018; 170,70 
09/03/2018; 170,96 
12/03/2018; 171,02 
13/03/2018; 171,07 
14/03/2018; 171,19 
15/03/2018; 170,80 
16/03/2018; 170,34 
19/03/2018; 169,91 
20/03/2018; 169,41 
21/03/2018; 170,73 
22/03/2018; 170,30 
23/03/2018; 170,32 
26/03/2018; 171,03 
27/03/2018; 171,00 
28/03/2018; 170,23 
29/03/2018; 170,99 
02/04/2018; 170,97 
03/04/2018; 170,80 
04/04/2018; 171,02 
05/04/2018; 170,40 
06/04/2018; 170,85 
09/04/2018; 171,07 
10/04/2018; 171,54 
11/04/2018; 172,37 
12/04/2018; 171,63 
13/04/2018; 172,17 
16/04/2018; 172,27 
17/04/2018; 172,90 
18/04/2018; 172,56 
19/04/2018; 171,97 
20/04/2018; 170,63 
23/04/2018; 170,10 
24/04/2018; 169,46 
25/04/2018; 168,89 
26/04/2018; 169,47 
27/04/2018; 170,31 
30/04/2018; 169,75 
01/05/2018; 168,69 
02/05/2018; 168,65 
03/05/2018; 169,04 
04/05/2018; 169,65 
07/05/2018; 169,78 
08/05/2018; 169,46 
09/05/2018; 169,54 
10/05/2018; 170,61 
11/05/2018; 170,62 
14/05/2018; 169,91 
15/05/2018; 168,13 
16/05/2018; 167,92 
17/05/2018; 167,64 
18/05/2018; 167,97 
21/05/2018; 168,28 
22/05/2018; 168,07 
23/05/2018; 168,68 
24/05/2018; 169,25 
25/05/2018; 169,20 
29/05/2018; 169,63 
30/05/2018; 169,96 
31/05/2018; 169,62 
01/06/2018; 169,34 
04/06/2018; 169,13 
05/06/2018; 169,77 
06/06/2018; 169,82 
07/06/2018; 170,25 
08/06/2018; 170,19 
11/06/2018; 170,34 
12/06/2018; 170,02 
13/06/2018; 169,99 
14/06/2018; 170,60 
15/06/2018; 169,30 
18/06/2018; 169,14 
19/06/2018; 169,04 
20/06/2018; 168,41 
21/06/2018; 168,26 
22/06/2018; 168,71 
25/06/2018; 167,79 
26/06/2018; 167,80 
27/06/2018; 167,58 
28/06/2018; 167,45 
29/06/2018; 167,78 
02/07/2018; 167,10 
03/07/2018; 167,87 
05/07/2018; 168,62 
06/07/2018; 169,19 
09/07/2018; 169,39 
10/07/2018; 169,20 
11/07/2018; 168,40 
12/07/2018; 168,92 
13/07/2018; 169,04 
16/07/2018; 168,47 
17/07/2018; 167,85 
18/07/2018; 167,68 
19/07/2018; 167,50 
20/07/2018; 167,37 
23/07/2018; 166,39 
24/07/2018; 166,74 
25/07/2018; 167,56 
26/07/2018; 166,81 
27/07/2018; 166,70 
30/07/2018; 166,20 
31/07/2018; 166,85 
01/08/2018; 165,75 
02/08/2018; 165,81 
03/08/2018; 166,53 
06/08/2018; 166,43 
07/08/2018; 166,51 
08/08/2018; 166,64 
09/08/2018; 166,84 
10/08/2018; 166,95 
13/08/2018; 165,83 
14/08/2018; 166,05 
15/08/2018; 165,10 
16/08/2018; 165,40 
17/08/2018; 166,06 
20/08/2018; 166,68 
21/08/2018; 166,81 
22/08/2018; 167,22 
23/08/2018; 166,86 
24/08/2018; 168,12 
27/08/2018; 168,44 
28/08/2018; 167,82 
29/08/2018; 168,28 
30/08/2018; 168,00 
31/08/2018; 167,75 
04/09/2018; 166,98 
05/09/2018; 166,77 
06/09/2018; 166,82 
07/09/2018; 166,09 
10/09/2018; 166,17 
11/09/2018; 166,04 
12/09/2018; 166,53 
13/09/2018; 166,49 
14/09/2018; 165,93 
17/09/2018; 165,81 
18/09/2018; 165,74 
19/09/2018; 165,77 
20/09/2018; 166,60 
21/09/2018; 166,17 
24/09/2018; 165,77 
25/09/2018; 165,71 
26/09/2018; 165,59 
27/09/2018; 165,41 
28/09/2018; 165,60 
01/10/2018; 165,14 
02/10/2018; 165,82 
03/10/2018; 164,90 
04/10/2018; 164,01 
05/10/2018; 163,31 
08/10/2018; 162,67 
09/10/2018; 162,99 
10/10/2018; 160,73 
11/10/2018; 160,58 
12/10/2018; 160,56 
15/10/2018; 160,71 
16/10/2018; 161,37 
17/10/2018; 160,92 
18/10/2018; 160,38 
19/10/2018; 160,22 
22/10/2018; 159,82 
23/10/2018; 159,97 
24/10/2018; 159,76 
25/10/2018; 159,41 
26/10/2018; 160,00 
29/10/2018; 159,41 
30/10/2018; 159,13 
31/10/2018; 158,71 
01/11/2018; 159,53 
02/11/2018; 158,85 
05/11/2018; 159,14 
06/11/2018; 159,10 
07/11/2018; 159,86 
08/11/2018; 159,43 
09/11/2018; 158,87 
12/11/2018; 158,21 
13/11/2018; 158,03 
14/11/2018; 158,29 
15/11/2018; 158,78 
16/11/2018; 159,95 
19/11/2018; 159,37 
20/11/2018; 158,53 
21/11/2018; 158,63 
23/11/2018; 158,12 
26/11/2018; 158,27 
27/11/2018; 157,55 
28/11/2018; 158,56 
29/11/2018; 159,65 
30/11/2018; 159,71 
03/12/2018; 160,64 
04/12/2018; 160,57 
06/12/2018; 160,53 
07/12/2018; 160,69 
10/12/2018; 160,10 
11/12/2018; 159,37 
12/12/2018; 159,40 
13/12/2018; 159,25 
14/12/2018; 158,57 
17/12/2018; 158,76 
18/12/2018; 159,21 
19/12/2018; 158,67 
20/12/2018; 158,89 
21/12/2018; 157,93 
24/12/2018; 158,08 
26/12/2018; 158,81 
27/12/2018; 159,42 
28/12/2018; 160,13 
31/12/2018; 160,47 
02/01/2019; 160,77 
03/01/2019; 161,84 
04/01/2019; 161,66 
07/01/2019; 161,92 
08/01/2019; 162,07 
09/01/2019; 162,78 
10/01/2019; 162,04 
11/01/2019; 162,60 
14/01/2019; 162,25 
15/01/2019; 162,23 
16/01/2019; 162,47 
17/01/2019; 162,40 
18/01/2019; 161,90 
22/01/2019; 161,86 
23/01/2019; 161,60 
24/01/2019; 161,77 
25/01/2019; 162,60 
28/01/2019; 162,36 
29/01/2019; 163,14 
30/01/2019; 164,82 
31/01/2019; 166,07 
01/02/2019; 165,46 
04/02/2019; 165,12 
05/02/2019; 165,52 
06/02/2019; 164,99 
07/02/2019; 165,06 
08/02/2019; 165,36 
11/02/2019; 164,73 
12/02/2019; 165,28 
13/02/2019; 165,08 
14/02/2019; 165,78 
15/02/2019; 166,52 
19/02/2019; 167,89 
20/02/2019; 167,88 
21/02/2019; 166,95 
22/02/2019; 167,71 
25/02/2019; 167,55 
26/02/2019; 167,79 
27/02/2019; 167,07 
28/02/2019; 166,46 
01/03/2019; 165,52 
04/03/2019; 165,43 
05/03/2019; 165,36 
06/03/2019; 165,25 
07/03/2019; 165,30 
08/03/2019; 165,88 
11/03/2019; 166,17 
12/03/2019; 166,94 
13/03/2019; 167,75 
14/03/2019; 167,08 
15/03/2019; 168,05 
18/03/2019; 168,16 
19/03/2019; 168,13 
20/03/2019; 169,41 
21/03/2019; 169,69 
22/03/2019; 169,29 
25/03/2019; 169,57 
26/03/2019; 169,32 
27/03/2019; 168,85 
28/03/2019; 168,32 
29/03/2019; 168,92 
01/04/2019; 168,58 
02/04/2019; 168,95 
03/04/2019; 168,40 
04/04/2019; 168,77 
05/04/2019; 169,11 
08/04/2019; 169,19 
09/04/2019; 169,39 
10/04/2019; 170,32 
11/04/2019; 169,16 
12/04/2019; 169,13 
15/04/2019; 169,03 
16/04/2019; 168,16 
17/04/2019; 167,88 
18/04/2019; 168,47 
22/04/2019; 168,28 
23/04/2019; 169,02 
24/04/2019; 169,58 
25/04/2019; 169,58 
26/04/2019; 170,57 
29/04/2019; 169,90 
30/04/2019; 170,35 
01/05/2019; 169,13 
02/05/2019; 168,15 
03/05/2019; 169,40 
06/05/2019; 169,39 
07/05/2019; 168,81 
08/05/2019; 168,28 
09/05/2019; 168,49 
10/05/2019; 169,10 
13/05/2019; 168,80 
14/05/2019; 169,20 
15/05/2019; 169,69 
16/05/2019; 169,29 
17/05/2019; 168,36 
20/05/2019; 167,82 
21/05/2019; 168,10 
22/05/2019; 167,95 
23/05/2019; 168,32 
24/05/2019; 168,74 
28/05/2019; 168,15 
29/05/2019; 168,19 
30/05/2019; 169,27 
31/05/2019; 170,70 
03/06/2019; 171,69 
04/06/2019; 172,31 
05/06/2019; 172,88 
06/06/2019; 173,19 
07/06/2019; 174,38 
10/06/2019; 173,10 
11/06/2019; 172,85 
12/06/2019; 173,09 
13/06/2019; 173,58 
14/06/2019; 173,31 
17/06/2019; 172,99 
18/06/2019; 174,25 
19/06/2019; 175,51 
20/06/2019; 177,91 
21/06/2019; 177,66 
24/06/2019; 178,21 
25/06/2019; 177,78 
26/06/2019; 177,36 
27/06/2019; 177,62 
28/06/2019; 177,92 
01/07/2019; 177,21 
02/07/2019; 178,13 
03/07/2019; 178,81 
05/07/2019; 178,04 
08/07/2019; 177,59 
09/07/2019; 177,86 
10/07/2019; 178,75 
11/07/2019; 178,19 
12/07/2019; 178,78 
15/07/2019; 179,06 
16/07/2019; 178,41 
17/07/2019; 178,86 
18/07/2019; 179,75 
19/07/2019; 178,77 
22/07/2019; 178,88 
23/07/2019; 179,04 
24/07/2019; 179,46 
25/07/2019; 178,75 
26/07/2019; 179,04 
29/07/2019; 178,99 
30/07/2019; 179,16 
31/07/2019; 178,35 
01/08/2019; 179,11 
02/08/2019; 178,68 
05/08/2019; 177,99 
06/08/2019; 179,58 
07/08/2019; 180,23 
08/08/2019; 181,46 
09/08/2019; 180,93 
12/08/2019; 181,39 
13/08/2019; 181,44 
14/08/2019; 180,96 
15/08/2019; 181,95 
16/08/2019; 181,66 
19/08/2019; 180,98 
20/08/2019; 181,24 
21/08/2019; 181,20 
22/08/2019; 180,94 
23/08/2019; 181,82 
26/08/2019; 181,97 
27/08/2019; 182,97 
28/08/2019; 183,38 
29/08/2019; 183,58 
30/08/2019; 182,85 
03/09/2019; 183,01 
04/09/2019; 184,08 
05/09/2019; 182,68 
06/09/2019; 182,45 
09/09/2019; 181,53 
10/09/2019; 180,27 
11/09/2019; 180,62 
12/09/2019; 180,72 
13/09/2019; 179,58 
16/09/2019; 180,59 
17/09/2019; 180,91 
18/09/2019; 180,32 
19/09/2019; 180,71 
20/09/2019; 181,58 
23/09/2019; 181,95 
24/09/2019; 182,07 
25/09/2019; 180,89 
26/09/2019; 180,84 
27/09/2019; 180,18 
30/09/2019; 179,81 
01/10/2019; 179,61 
02/10/2019; 179,16 
03/10/2019; 180,18 
04/10/2019; 181,23 
07/10/2019; 180,27 
08/10/2019; 179,86 
09/10/2019; 180,03 
10/10/2019; 179,51 
11/10/2019; 179,27 
14/10/2019; 179,58 
15/10/2019; 179,21 
16/10/2019; 179,62 
17/10/2019; 180,00 
18/10/2019; 179,95 
21/10/2019; 179,53 
22/10/2019; 179,96 
23/10/2019; 180,33 
24/10/2019; 180,89 
25/10/2019; 181,25 
28/10/2019; 180,25 
29/10/2019; 179,66 
30/10/2019; 180,70 
31/10/2019; 181,60 
01/11/2019; 182,37 
04/11/2019; 182,31 
05/11/2019; 181,05 
06/11/2019; 181,76 
07/11/2019; 180,38 
08/11/2019; 180,11 
11/11/2019; 179,93 
12/11/2019; 180,14 
13/11/2019; 180,46 
14/11/2019; 181,08 
15/11/2019; 181,25 
18/11/2019; 181,70 
19/11/2019; 181,96 
20/11/2019; 182,31 
21/11/2019; 181,53 
22/11/2019; 181,62 
25/11/2019; 182,05 
26/11/2019; 182,83 
27/11/2019; 182,52 
29/11/2019; 182,23 
02/12/2019; 181,27 
03/12/2019; 182,29 
04/12/2019; 182,52 
05/12/2019; 182,47 
06/12/2019; 182,37 
09/12/2019; 182,12 
10/12/2019; 182,17 
11/12/2019; 183,35 
12/12/2019; 182,95 
13/12/2019; 183,90 
16/12/2019; 184,01 
17/12/2019; 184,20 
18/12/2019; 184,04 
19/12/2019; 184,72 
20/12/2019; 184,92 
23/12/2019; 184,97 
24/12/2019; 185,84 
26/12/2019; 186,90 
27/12/2019; 186,90 
30/12/2019; 186,63 
31/12/2019; 186,77 
02/01/2020; 188,70 
03/01/2020; 189,75 
06/01/2020; 190,28 
07/01/2020; 189,90 
08/01/2020; 189,71 
09/01/2020; 189,85 
10/01/2020; 190,44 
13/01/2020; 190,44 
14/01/2020; 190,46 
15/01/2020; 191,12 
16/01/2020; 191,39 
17/01/2020; 191,47 
21/01/2020; 191,88 
22/01/2020; 191,79 
23/01/2020; 192,35 
24/01/2020; 192,40 
27/01/2020; 191,95 
28/01/2020; 191,84 
29/01/2020; 192,80 
30/01/2020; 193,18 
31/01/2020; 193,18 
03/02/2020; 192,67 
04/02/2020; 191,77 
05/02/2020; 191,98 
06/02/2020; 192,88 
07/02/2020; 193,50 
10/02/2020; 194,34 
11/02/2020; 193,64 
12/02/2020; 193,75 
13/02/2020; 194,49 
14/02/2020; 195,04 
18/02/2020; 196,24 
19/02/2020; 196,90 
20/02/2020; 197,28 
21/02/2020; 198,02 
24/02/2020; 197,37 
25/02/2020; 194,00 
26/02/2020; 194,03 
27/02/2020; 193,21 
28/02/2020; 191,66 
02/03/2020; 193,25 
03/03/2020; 195,35 
04/03/2020; 195,99 
05/03/2020; 196,29 
06/03/2020; 196,75 
09/03/2020; 192,96 
10/03/2020; 190,03 
11/03/2020; 188,34 
12/03/2020; 186,21 
13/03/2020; 186,43 
16/03/2020; 185,30 
17/03/2020; 185,07 
18/03/2020; 184,09 
19/03/2020; 184,27 
20/03/2020; 185,40 
23/03/2020; 186,54 
24/03/2020; 188,10 
25/03/2020; 188,17 
26/03/2020; 188,81 
27/03/2020; 188,59 
30/03/2020; 188,52 
31/03/2020; 187,84 
01/04/2020; 187,81 
02/04/2020; 188,61 
03/04/2020; 188,80 
06/04/2020; 189,76 
07/04/2020; 189,65 
08/04/2020; 189,57 
09/04/2020; 190,42 
13/04/2020; 190,72 
14/04/2020; 191,19 
15/04/2020; 190,94 
16/04/2020; 190,71 
17/04/2020; 190,42 
20/04/2020; 190,30 
21/04/2020; 190,05 
22/04/2020; 190,87 
23/04/2020; 191,07 
24/04/2020; 191,32 
27/04/2020; 191,25 
28/04/2020; 191,23 
29/04/2020; 191,59 
30/04/2020; 190,77 
01/05/2020; 190,59 
04/05/2020; 190,74 
05/05/2020; 191,00 
06/05/2020; 190,39 
07/05/2020; 191,20 
08/05/2020; 191,24 
11/05/2020; 190,94 
12/05/2020; 190,82 
13/05/2020; 190,88 
14/05/2020; 191,33 
15/05/2020; 191,64 
18/05/2020; 191,86 
19/05/2020; 191,93 
20/05/2020; 192,41 
21/05/2020; 191,80 
22/05/2020; 192,05 
26/05/2020; 191,58 
27/05/2020; 191,94 
28/05/2020; 192,22 
29/05/2020; 192,56 
01/06/2020; 192,86 
02/06/2020; 192,64 
03/06/2020; 192,02 
04/06/2020; 192,05 
05/06/2020; 191,87 
08/06/2020; 192,66 
09/06/2020; 192,91 
10/06/2020; 193,94 
11/06/2020; 192,45 
12/06/2020; 192,54 
15/06/2020; 192,67 
16/06/2020; 192,95 
17/06/2020; 192,88 
18/06/2020; 193,23 
19/06/2020; 193,70 
22/06/2020; 194,31 
23/06/2020; 194,78 
24/06/2020; 193,99 
25/06/2020; 194,28 
26/06/2020; 194,16 
29/06/2020; 194,59 
30/06/2020; 194,86 
01/07/2020; 194,88 
02/07/2020; 195,41 
06/07/2020; 196,25 
07/07/2020; 196,35 
08/07/2020; 196,59 
09/07/2020; 196,66 
10/07/2020; 196,63 
13/07/2020; 196,77 
14/07/2020; 197,36 
15/07/2020; 197,56 
16/07/2020; 197,24 
17/07/2020; 198,06 
20/07/2020; 198,76 
21/07/2020; 199,83 
22/07/2020; 200,84 
23/07/2020; 201,04 
24/07/2020; 201,22 
27/07/2020; 202,40 
28/07/2020; 202,94 
29/07/2020; 204,08 
30/07/2020; 203,82 
31/07/2020; 204,98 
03/08/2020; 205,51 
04/08/2020; 206,92 
05/08/2020; 207,62 
06/08/2020; 208,54 
07/08/2020; 207,49 
10/08/2020; 207,25 
11/08/2020; 204,73 
12/08/2020; 205,18 
13/08/2020; 205,17 
14/08/2020; 204,80 
17/08/2020; 205,76 
18/08/2020; 206,85 
19/08/2020; 205,48 
20/08/2020; 205,60 
21/08/2020; 206,08 
24/08/2020; 206,67 
25/08/2020; 206,79 
26/08/2020; 207,78 
27/08/2020; 206,97 
28/08/2020; 208,14 
31/08/2020; 208,71 
01/09/2020; 209,21 
02/09/2020; 209,61 
03/09/2020; 207,38 
04/09/2020; 206,63 
08/09/2020; 205,97 
09/09/2020; 206,82 
10/09/2020; 206,41 
11/09/2020; 206,34 
14/09/2020; 206,79 
15/09/2020; 206,97 
16/09/2020; 206,94 
17/09/2020; 206,63 
18/09/2020; 206,17 
21/09/2020; 204,89 
22/09/2020; 205,07 
23/09/2020; 203,61 
24/09/2020; 203,93 
25/09/2020; 204,50 
28/09/2020; 205,58 
29/09/2020; 206,00 
30/09/2020; 205,47 
01/10/2020; 205,68 
02/10/2020; 205,43 
05/10/2020; 205,51 
06/10/2020; 204,77 
07/10/2020; 205,22 
08/10/2020; 206,36 
09/10/2020; 207,32 
12/10/2020; 207,77 
13/10/2020; 207,06 
14/10/2020; 206,99 
15/10/2020; 207,01 
16/10/2020; 206,96 
19/10/2020; 206,01 
20/10/2020; 206,12 
21/10/2020; 206,28 
22/10/2020; 205,75 
23/10/2020; 206,08 
26/10/2020; 205,63 
27/10/2020; 206,07 
28/10/2020; 203,95 
29/10/2020; 203,32 
30/10/2020; 202,56 
02/11/2020; 203,82 
03/11/2020; 204,38 
04/11/2020; 205,20 
05/11/2020; 206,75 
06/11/2020; 205,99 
09/11/2020; 204,33 
10/11/2020; 204,56 
11/11/2020; 204,91 
12/11/2020; 205,26 
13/11/2020; 205,80 
16/11/2020; 205,92 
17/11/2020; 205,96 
18/11/2020; 205,49 
19/11/2020; 205,75 
20/11/2020; 206,08 
23/11/2020; 205,45 
24/11/2020; 205,50 
25/11/2020; 205,78 
27/11/2020; 206,08 
30/11/2020; 205,94 
01/12/2020; 206,52 
02/12/2020; 207,04 
03/12/2020; 207,98 
04/12/2020; 207,71 
07/12/2020; 208,77 
08/12/2020; 209,42 
09/12/2020; 208,10 
10/12/2020; 208,53 
11/12/2020; 208,52 
14/12/2020; 208,12 
15/12/2020; 209,66 
16/12/2020; 209,92 
17/12/2020; 210,64 
18/12/2020; 210,25 
21/12/2020; 209,94 
22/12/2020; 209,79 
23/12/2020; 210,19 
24/12/2020; 210,63 
28/12/2020; 211,08 
29/12/2020; 211,01 
30/12/2020; 211,57 
31/12/2020; 212,49 
04/01/2021; 212,97 
05/01/2021; 213,36 
06/01/2021; 212,29 
07/01/2021; 212,73 
08/01/2021; 210,75 
11/01/2021; 209,82 
12/01/2021; 210,35 
13/01/2021; 210,85 
14/01/2021; 210,76 
15/01/2021; 210,19 
19/01/2021; 211,50 
20/01/2021; 213,23 
21/01/2021; 213,82 
22/01/2021; 213,09 
25/01/2021; 213,84 
26/01/2021; 213,37 
27/01/2021; 211,88 
28/01/2021; 212,75 
29/01/2021; 211,77 
01/02/2021; 212,29 
02/02/2021; 212,65 
03/02/2021; 212,50 
04/02/2021; 211,90 
05/02/2021; 212,39 
08/02/2021; 213,29 
09/02/2021; 213,53 
10/02/2021; 213,87 
11/02/2021; 213,29 
12/02/2021; 212,95 
16/02/2021; 211,09 
17/02/2021; 210,55 
18/02/2021; 209,51 
19/02/2021; 208,67 
22/02/2021; 208,89 
23/02/2021; 208,89 
24/02/2021; 209,27 
25/02/2021; 204,82 
26/02/2021; 205,97 
01/03/2021; 206,36 
02/03/2021; 206,54 
03/03/2021; 205,55 
04/03/2021; 204,49 
05/03/2021; 205,18 
08/03/2021; 204,27 
09/03/2021; 205,90 
10/03/2021; 206,60 
11/03/2021; 206,91 
12/03/2021; 206,40 
15/03/2021; 206,91 
16/03/2021; 207,05 
17/03/2021; 207,32 
18/03/2021; 206,10 
19/03/2021; 206,31 
22/03/2021; 206,85 
23/03/2021; 206,49 
24/03/2021; 206,64 
25/03/2021; 206,64 
26/03/2021; 207,36 
29/03/2021; 206,62 
30/03/2021; 205,65 
31/03/2021; 206,43 
01/04/2021; 207,50 
05/04/2021; 207,77 
06/04/2021; 208,07 
07/04/2021; 208,07 
08/04/2021; 208,87 
09/04/2021; 208,65 
12/04/2021; 208,45 
13/04/2021; 209,24 
14/04/2021; 208,92 
15/04/2021; 210,60 
16/04/2021; 210,96 
19/04/2021; 210,48 
20/04/2021; 210,37 
21/04/2021; 211,24 
22/04/2021; 210,72 
23/04/2021; 211,09 
26/04/2021; 211,35 
27/04/2021; 211,22 
28/04/2021; 211,73 
29/04/2021; 211,78 
30/04/2021; 211,24 
03/05/2021; 212,11 
04/05/2021; 211,79 
05/05/2021; 212,60 
06/05/2021; 213,58 
07/05/2021; 214,65 
10/05/2021; 214,33 
11/05/2021; 213,52 
12/05/2021; 211,78 
13/05/2021; 212,57 
14/05/2021; 214,05 
17/05/2021; 214,74 
18/05/2021; 214,33 
19/05/2021; 213,35 
20/05/2021; 214,09 
21/05/2021; 214,30 
24/05/2021; 215,06 
25/05/2021; 215,75 
26/05/2021; 215,46 
27/05/2021; 215,49 
28/05/2021; 215,83 
01/06/2021; 215,82 
02/06/2021; 215,97 
03/06/2021; 214,28 
04/06/2021; 215,98 
07/06/2021; 215,81 
08/06/2021; 215,82 
09/06/2021; 215,68 
10/06/2021; 216,76 
11/06/2021; 215,99 
14/06/2021; 215,77 
15/06/2021; 215,70 
16/06/2021; 213,49 
17/06/2021; 212,54 
18/06/2021; 211,62 
21/06/2021; 212,67 
22/06/2021; 213,40 
23/06/2021; 213,34 
24/06/2021; 213,42 
25/06/2021; 213,84 
28/06/2021; 214,12 
29/06/2021; 213,80 
30/06/2021; 214,21 
01/07/2021; 214,55 
02/07/2021; 215,83 
06/07/2021; 216,26 
07/07/2021; 216,54 
08/07/2021; 215,85 
09/07/2021; 216,67 
12/07/2021; 217,19 
13/07/2021; 217,05 
14/07/2021; 218,01 
15/07/2021; 218,25 
16/07/2021; 217,31 
19/07/2021; 216,48 
20/07/2021; 217,28 
21/07/2021; 217,14 
22/07/2021; 217,81 
23/07/2021; 218,92 
26/07/2021; 219,62 
27/07/2021; 219,44 
28/07/2021; 220,23 
29/07/2021; 220,91 
30/07/2021; 220,34 
02/08/2021; 219,92 
03/08/2021; 220,52 
04/08/2021; 219,91 
05/08/2021; 219,44 
06/08/2021; 217,48 
09/08/2021; 215,90 
10/08/2021; 216,15 
11/08/2021; 217,19 
12/08/2021; 217,28 
13/08/2021; 218,45 
16/08/2021; 219,02 
17/08/2021; 218,02 
18/08/2021; 217,28 
19/08/2021; 217,33 
20/08/2021; 217,33 
23/08/2021; 218,91 
24/08/2021; 218,99 
25/08/2021; 218,74 
26/08/2021; 218,44 
27/08/2021; 221,15 
30/08/2021; 221,17 
31/08/2021; 220,81 
01/09/2021; 220,63 
02/09/2021; 220,75 
03/09/2021; 221,03 
07/09/2021; 219,49 
08/09/2021; 219,91 
09/09/2021; 220,56 
10/09/2021; 219,38 
13/09/2021; 219,72 
14/09/2021; 219,69 
15/09/2021; 220,10 
16/09/2021; 218,69 
17/09/2021; 217,42 
20/09/2021; 216,64 
21/09/2021; 216,74 
22/09/2021; 216,98 
23/09/2021; 216,60 
24/09/2021; 216,20 
27/09/2021; 216,22 
28/09/2021; 214,11 
29/09/2021; 214,09 
30/09/2021; 214,35 
01/10/2021; 215,59 
04/10/2021; 215,15 
05/10/2021; 215,58 
06/10/2021; 215,79 
07/10/2021; 215,78 
08/10/2021; 215,75 
11/10/2021; 215,19 
12/10/2021; 215,69 
13/10/2021; 217,75 
14/10/2021; 219,15 
15/10/2021; 218,51 
18/10/2021; 218,17 
19/10/2021; 218,22 
20/10/2021; 219,12 
21/10/2021; 219,63 
22/10/2021; 220,24 
25/10/2021; 221,30 
26/10/2021; 221,62 
27/10/2021; 222,38 
28/10/2021; 221,33 
29/10/2021; 220,55 
01/11/2021; 220,37 
02/11/2021; 221,07 
03/11/2021; 220,75 
04/11/2021; 222,77 
05/11/2021; 224,40 
08/11/2021; 225,08 
09/11/2021; 225,82 
10/11/2021; 225,50 
11/11/2021; 225,82 
12/11/2021; 226,44 
15/11/2021; 226,40 
16/11/2021; 226,06 
17/11/2021; 226,71 
18/11/2021; 226,86 
19/11/2021; 225,98 
22/11/2021; 223,12 
23/11/2021; 222,12 
24/11/2021; 222,60 
26/11/2021; 221,43 
29/11/2021; 222,04 
30/11/2021; 220,75 
01/12/2021; 219,93 
02/12/2021; 220,69 
03/12/2021; 220,98 
06/12/2021; 220,81 
07/12/2021; 222,16 
08/12/2021; 222,09 
09/12/2021; 220,94 
10/12/2021; 221,58 
13/12/2021; 221,49 
14/12/2021; 220,23 
15/12/2021; 221,26 
16/12/2021; 221,63 
17/12/2021; 221,07 
20/12/2021; 220,33 
21/12/2021; 221,32 
22/12/2021; 222,73 
23/12/2021; 222,77 
27/12/2021; 223,84 
28/12/2021; 223,47 
29/12/2021; 223,62 
30/12/2021; 224,68 
31/12/2021; 224,83 
03/01/2022; 223,32 
04/01/2022; 223,23 
05/01/2022; 221,22 
06/01/2022; 219,92 
07/01/2022; 219,89 
10/01/2022; 220,11 
11/01/2022; 221,76 
12/01/2022; 221,31 
13/01/2022; 220,67 
14/01/2022; 220,15 
18/01/2022; 218,94 
19/01/2022; 219,16 
20/01/2022; 218,74 
21/01/2022; 218,43 
24/01/2022; 219,12 
25/01/2022; 218,65 
26/01/2022; 216,95 
27/01/2022; 216,44 
28/01/2022; 217,54 
31/01/2022; 218,81 
01/02/2022; 218,33 
02/02/2022; 218,92 
03/02/2022; 217,44 
04/02/2022; 217,11 
07/02/2022; 217,35 
08/02/2022; 217,66 
09/02/2022; 218,52 
10/02/2022; 216,88 
11/02/2022; 218,24 
14/02/2022; 218,21 
15/02/2022; 217,89 
16/02/2022; 218,62 
17/02/2022; 218,85 
18/02/2022; 218,91 
22/02/2022; 218,97 
23/02/2022; 218,67 
24/02/2022; 219,28 
25/02/2022; 219,76 
28/02/2022; 222,27 
01/03/2022; 223,69 
02/03/2022; 223,18 
03/03/2022; 223,23 
04/03/2022; 224,46 
07/03/2022; 224,70 
08/03/2022; 226,29 
09/03/2022; 224,71 
10/03/2022; 224,50 
11/03/2022; 224,40 
14/03/2022; 222,47 
15/03/2022; 221,76 
16/03/2022; 222,30 
17/03/2022; 224,00 
18/03/2022; 223,73 
21/03/2022; 223,41 
22/03/2022; 223,17 
23/03/2022; 224,21 
24/03/2022; 224,60 
25/03/2022; 224,10 
28/03/2022; 223,44 
29/03/2022; 223,67 
30/03/2022; 224,19 
31/03/2022; 223,30 
01/04/2022; 222,49 
04/04/2022; 223,01 
05/04/2022; 221,56 
06/04/2022; 220,88 
07/04/2022; 221,16 
08/04/2022; 221,51 
11/04/2022; 220,92 
12/04/2022; 221,16 
13/04/2022; 221,71 
14/04/2022; 221,00 
18/04/2022; 221,15 
19/04/2022; 220,51 
20/04/2022; 221,46 
21/04/2022; 221,02 
22/04/2022; 218,89 
25/04/2022; 218,02 
26/04/2022; 217,32 
27/04/2022; 216,91 
28/04/2022; 218,51 
29/04/2022; 216,48 
02/05/2022; 214,35 
03/05/2022; 214,83 
04/05/2022; 216,30 
05/05/2022; 214,71 
06/05/2022; 214,51 
09/05/2022; 213,28 
10/05/2022; 212,77 
11/05/2022; 213,40 
12/05/2022; 212,64 
13/05/2022; 213,02 
16/05/2022; 213,28 
17/05/2022; 213,16 
18/05/2022; 212,79 
19/05/2022; 213,02 
20/05/2022; 213,09 
23/05/2022; 213,42 
24/05/2022; 213,96 
25/05/2022; 213,93 
26/05/2022; 214,58 
27/05/2022; 215,40 
31/05/2022; 214,24 
01/06/2022; 213,80 
02/06/2022; 215,13 
03/06/2022; 214,69 
06/06/2022; 214,08 
07/06/2022; 214,76 
08/06/2022; 214,28 
09/06/2022; 213,57 
10/06/2022; 213,19 
13/06/2022; 209,74 
14/06/2022; 208,18 
15/06/2022; 209,38 
16/06/2022; 209,07 
17/06/2022; 208,88 
21/06/2022; 208,99 
22/06/2022; 209,33 
23/06/2022; 209,42 
24/06/2022; 209,97 
27/06/2022; 209,49 
28/06/2022; 208,88 
29/06/2022; 208,74 
30/06/2022; 208,29 
01/07/2022; 209,26 
05/07/2022; 208,23 
06/07/2022; 207,15 
07/07/2022; 207,39 
08/07/2022; 207,33 
11/07/2022; 206,96 
12/07/2022; 206,60 
13/07/2022; 206,95 
14/07/2022; 206,19 
15/07/2022; 206,88 
18/07/2022; 206,63 
19/07/2022; 207,30 
20/07/2022; 207,00 
21/07/2022; 208,24 
22/07/2022; 208,68 
25/07/2022; 208,46 
26/07/2022; 208,11 
27/07/2022; 209,62 
28/07/2022; 211,18 
29/07/2022; 211,95 
01/08/2022; 211,94 
02/08/2022; 210,87 
03/08/2022; 211,65 
04/08/2022; 212,30 
05/08/2022; 211,23 
08/08/2022; 211,90 
09/08/2022; 211,76 
10/08/2022; 212,11 
11/08/2022; 211,81 
12/08/2022; 212,86 
15/08/2022; 212,33 
16/08/2022; 212,31 
17/08/2022; 211,66 
18/08/2022; 211,95 
19/08/2022; 211,14 
22/08/2022; 210,09 
23/08/2022; 210,42 
24/08/2022; 210,61 
25/08/2022; 211,34 
26/08/2022; 209,71 
29/08/2022; 209,25 
30/08/2022; 208,51 
31/08/2022; 207,34 
01/09/2022; 206,20 
02/09/2022; 206,71 
06/09/2022; 205,73 
07/09/2022; 206,87 
08/09/2022; 206,43 
09/09/2022; 207,04 
12/09/2022; 207,32 
13/09/2022; 205,47 
14/09/2022; 205,56 
15/09/2022; 204,32 
16/09/2022; 204,10 
19/09/2022; 203,98 
20/09/2022; 203,44 
21/09/2022; 203,37 
22/09/2022; 202,39 
23/09/2022; 201,03 
26/09/2022; 199,32 
27/09/2022; 199,02 
28/09/2022; 200,85 
29/09/2022; 199,75 
30/09/2022; 199,22 
03/10/2022; 200,77 
